#
# A fatal error has been detected by the Java Runtime Environment:
#
#  SIGBUS (0xa) at pc=0x0000000100eea380, pid=79536, tid=38659
#
# JRE version: OpenJDK Runtime Environment (21.0.10) (build 21.0.10+-117844308-b1163.108)
# Java VM: OpenJDK 64-Bit Server VM (21.0.10+-117844308-b1163.108, mixed mode, tiered, compressed oops, compressed class ptrs, g1 gc, bsd-aarch64)
# Problematic frame:
# 
[error occurred during error reporting (printing problematic frame), id 0xa, SIGBUS (0xa) at pc=0x000000018267e03c]
# No core dump will be written. Core dumps have been disabled. To enable core dumping, try "ulimit -c unlimited" before starting Java again
#
# If you would like to submit a bug report, please visit:
#   https://youtrack.jetbrains.com/issues/JBR
# The crash happened outside the Java Virtual Machine in native code.
# See problematic frame for where to report the bug.
#

---------------  S U M M A R Y ------------

Command Line: --add-opens=java.base/java.lang=ALL-UNNAMED --add-opens=java.base/java.lang.invoke=ALL-UNNAMED --add-opens=java.base/java.util=ALL-UNNAMED --add-opens=java.prefs/java.util.prefs=ALL-UNNAMED --add-exports=jdk.compiler/com.sun.tools.javac.api=ALL-UNNAMED --add-exports=jdk.compiler/com.sun.tools.javac.util=ALL-UNNAMED --add-opens=java.base/java.util=ALL-UNNAMED --add-opens=java.prefs/java.util.prefs=ALL-UNNAMED --add-opens=java.base/java.nio.charset=ALL-UNNAMED --add-opens=java.base/java.net=ALL-UNNAMED --add-opens=java.base/java.util.concurrent=ALL-UNNAMED --add-opens=java.base/java.util.concurrent.atomic=ALL-UNNAMED --add-opens=java.xml/javax.xml.namespace=ALL-UNNAMED --add-opens=java.base/java.time=ALL-UNNAMED -Xmx2048m -Dfile.encoding=UTF-8 -Duser.country=GB -Duser.language=en -Duser.variant -javaagent:/Users/ritvikbansal/.gradle/wrapper/dists/gradle-9.4.1-bin/arn2x92ynaizyzdaamcbpbhtj/gradle-9.4.1/lib/agents/gradle-instrumentation-agent-9.4.1.jar org.gradle.launcher.daemon.bootstrap.GradleDaemon 9.4.1

Host: "Mac16,12" arm64, 10 cores, 16G, Darwin 25.6.0, macOS 26.6.2 (25G83)
Time: Sat Aug 29 22:24:47 2026 IST elapsed time: 525.248866 seconds (0d 0h 8m 45s)

---------------  T H R E A D  ---------------

Current thread (0x00000001199dae00):  JavaThread "Asynchronous log dispatcher for DefaultDaemonConnection: socket connection from /127.0.0.1:65306 to /127.0.0.1:65308"        [_thread_in_native, id=38659, stack(0x000000017351c000,0x000000017371f000) (2060K)]

Stack: [0x000000017351c000,0x000000017371f000],  sp=0x000000017371cbe0,  free space=2050k
Native frames: (J=compiled Java code, j=interpreted, Vv=VM code, C=native code)

[error occurred during error reporting (printing native stack (with source info)), id 0xa, SIGBUS (0xa) at pc=0x000000018267e03c]

Retrying call stack printing without source information...
Native frames: (J=compiled Java code, j=interpreted, Vv=VM code, C=native code)

[error occurred during error reporting (retry printing native stack (no source info)), id 0xa, SIGBUS (0xa) at pc=0x000000018267e03c]
Java frames: (J=compiled Java code, j=interpreted, Vv=VM code)
J 886  java.lang.ClassLoader.defineClass1(Ljava/lang/ClassLoader;Ljava/lang/String;[BIILjava/security/ProtectionDomain;Ljava/lang/String;)Ljava/lang/Class; java.base@21.0.10 (0 bytes) @ 0x000000010ddc7c3c [0x000000010ddc7b40+0x00000000000000fc]
J 1316 c1 java.lang.ClassLoader.defineClass(Ljava/lang/String;[BIILjava/security/ProtectionDomain;)Ljava/lang/Class; java.base@21.0.10 (43 bytes) @ 0x000000010650b154 [0x000000010650adc0+0x0000000000000394]
J 14724 c1 java.security.SecureClassLoader.defineClass(Ljava/lang/String;[BIILjava/security/CodeSource;)Ljava/lang/Class; java.base@21.0.10 (16 bytes) @ 0x0000000106319ad4 [0x00000001063199c0+0x0000000000000114]
J 4123 c1 java.net.URLClassLoader.defineClass(Ljava/lang/String;Ljdk/internal/loader/Resource;)Ljava/lang/Class; java.base@21.0.10 (224 bytes) @ 0x0000000106a6ebec [0x0000000106a6d880+0x000000000000136c]
J 14712 c1 java.net.URLClassLoader$1.run()Ljava/lang/Class; java.base@21.0.10 (81 bytes) @ 0x00000001064d8f04 [0x00000001064d8200+0x0000000000000d04]
J 14711 c1 java.net.URLClassLoader$1.run()Ljava/lang/Object; java.base@21.0.10 (5 bytes) @ 0x0000000106370600 [0x0000000106370540+0x00000000000000c0]
J 14212 c2 java.net.URLClassLoader.findClass(Ljava/lang/String;)Ljava/lang/Class; java.base@21.0.10 (47 bytes) @ 0x000000010e12fcf8 [0x000000010e12fc40+0x00000000000000b8]
J 5989 c2 java.lang.ClassLoader.loadClass(Ljava/lang/String;Z)Ljava/lang/Class; java.base@21.0.10 (121 bytes) @ 0x000000010de89340 [0x000000010de89040+0x0000000000000300]
J 4884 c2 java.lang.ClassLoader.loadClass(Ljava/lang/String;)Ljava/lang/Class; java.base@21.0.10 (7 bytes) @ 0x000000010df9b448 [0x000000010df9b400+0x0000000000000048]
v  ~StubRoutines::call_stub 0x000000010d7f0154
j  org.gradle.internal.serialize.BaseSerializerFactory$ThrowableSerializer.write(Lorg/gradle/internal/serialize/Encoder;Ljava/lang/Throwable;)V+7
j  org.gradle.internal.serialize.BaseSerializerFactory$ThrowableSerializer.write(Lorg/gradle/internal/serialize/Encoder;Ljava/lang/Object;)V+6
j  org.gradle.internal.logging.serializer.LogEventSerializer.write(Lorg/gradle/internal/serialize/Encoder;Lorg/gradle/internal/logging/events/LogEvent;)V+53
j  org.gradle.internal.logging.serializer.LogEventSerializer.write(Lorg/gradle/internal/serialize/Encoder;Ljava/lang/Object;)V+6
J 16983 c2 org.gradle.internal.serialize.DefaultSerializerRegistry$TaggedTypeSerializer.write(Lorg/gradle/internal/serialize/Encoder;Ljava/lang/Object;)V (37 bytes) @ 0x000000010e4d743c [0x000000010e4d7280+0x00000000000001bc]
J 16768 c1 org.gradle.launcher.daemon.protocol.DaemonMessageSerializer$OutputMessageSerializer.write(Lorg/gradle/internal/serialize/Encoder;Ljava/lang/Object;)V (10 bytes) @ 0x0000000107fabde4 [0x0000000107fabb00+0x00000000000002e4]
J 17013 c2 org.gradle.launcher.daemon.server.SynchronizedDispatchConnection.dispatchAndFlush(Ljava/lang/Object;)V (118 bytes) @ 0x000000010e4ead90 [0x000000010e4eaa80+0x0000000000000310]
J 16680 c1 org.gradle.launcher.daemon.server.exec.LogToClient$AsynchronousLogDispatcher.dispatchAsync(Lorg/gradle/internal/logging/events/OutputEvent;)V (33 bytes) @ 0x0000000107f73e48 [0x0000000107f73b80+0x00000000000002c8]
j  org.gradle.launcher.daemon.server.exec.LogToClient$AsynchronousLogDispatcher.run()V+35
v  ~StubRoutines::call_stub 0x000000010d7f0154

siginfo: si_signo: 10 (SIGBUS), si_code: 1 (BUS_ADRALN), si_addr: 0x0000000100eea380

Registers:
 x0=0x000000015b7041c0  x1=0x00000001199db1c0  x2=0x0000000000000000  x3=0x000000012c8053b8
 x4=0x000000015d007b00  x5=0x000000012c8053c0  x6=0x000000000000060a  x7=0x000000012b81a800
 x8=0x0000000100eea380  x9=0x000000017371cc40 x10=0x000000017371cc3c x11=0x000000015d007b25
x12=0x0000000000000065 x13=0x00000000ffffffff x14=0x00000007fef02f68 x15=0xfffffffffffffff9
x16=0x0000000000000038 x17=0x0000600000947ac0 x18=0x0000000000000000 x19=0x000000015b7041c0
x20=0x000000017371cd48 x21=0x0000000000000000 x22=0x000000017371cc80 x23=0x00000001199dae00
x24=0x0000000000000040 x25=0x0000000000000000 x26=0x0000600001bdd2c0 x27=0x0000600000eed268
x28=0x00006000015f27a8  fp=0x000000017371ccf0  lr=0x0000000102849de8  sp=0x000000017371cbe0
pc=0x0000000100eea380 cpsr=0x0000000080000800

Register to memory mapping:

x0 =
[error occurred during error reporting (printing register info), id 0xa, SIGBUS (0xa) at pc=0x00000001826ae904]
x1 =
[error occurred during error reporting (printing register info, attempt 2), id 0xa, SIGBUS (0xa) at pc=0x00000001826ae904]
x2 =0x0 is null
x3 =
[error occurred during error reporting (printing register info, attempt 3), id 0xa, SIGBUS (0xa) at pc=0x00000001826ae904]
Top of Stack: (sp=0x000000017371cbe0)
0x000000017371cbe0:   000000017371cc3c 000000017371cc40
0x000000017371cbf0:   000000000000000d 00000001199dae00
0x000000017371cc00:   00000001199db1c0 0000000100000000
0x000000017371cc10:   000000012c8053b0 000000015d007b00
0x000000017371cc20:   000000012c8053b8 000000012c8053c0
0x000000017371cc30:   0000000000000000 000000007371d4c0
0x000000017371cc40:   0000000000000000 000000017371d4c8
0x000000017371cc50:   000060000249adc0 000000015d007af0
0x000000017371cc60:   000000015d007b28 000000015d007ed8
0x000000017371cc70:   00000000000003d8 00000001199dae00
0x000000017371cc80:   00000001199dae00 0000600003f5e3c0
0x000000017371cc90:   00006000015f2760 00006000015f27b0
0x000000017371cca0:   00006000015f2848 00000000000000d8
0x000000017371ccb0:   000000017371cdf0 f9c9262866f000cb
0x000000017371ccc0:   0000000000000040 0000000102dc9a88
0x000000017371ccd0:   0000000102dac948 000000015b7041c0
0x000000017371cce0:   000000017371cd48 0000000102d9b4d0
0x000000017371ccf0:   000000017371cd30 0000000102849cdc
0x000000017371cd00:   000000017371d130 000000017371d150
0x000000017371cd10:   00000001199dae00 00000000000003d8
0x000000017371cd20:   000000015d007af0 000060000249adc0
0x000000017371cd30:   000000017371cdb0 000000010283db4c
0x000000017371cd40:   00000001412adc48 0000600000eed268
0x000000017371cd50:   00006000015f27a8 00006000015f27a0
0x000000017371cd60:   000000017371ce30 000000017371ce28
0x000000017371cd70:   00000001199dae00 000000010000060a
0x000000017371cd80:   000000012b81a800 0000000000000000
0x000000017371cd90:   000000017371cde8 0000600001fc4240
0x000000017371cda0:   0000000000000000 0000000000000064
0x000000017371cdb0:   000000017371d050 0000000102869efc
0x000000017371cdc0:   00000000000003d8 00006000015f27a0
0x000000017371cdd0:   000000015d007b00 000000015d007ed8 

Instructions: (pc=0x0000000102849de4)
0x0000000102849ce4:   f8 5f 0e a9 f6 57 0f a9 f4 4f 10 a9 fd 7b 11 a9
0x0000000102849cf4:   fd 43 04 91 f5 03 02 aa f3 03 01 aa f4 03 00 aa
0x0000000102849d04:   c8 22 00 f0 08 0d 40 f9 08 01 40 f9 a8 83 1c f8
0x0000000102849d14:   e0 03 01 aa 03 9f ff 97 1f 08 00 71 c1 00 00 54
0x0000000102849d24:   68 ce 40 f9 09 80 a0 d2 09 80 c0 f2 3f 01 28 ea
0x0000000102849d34:   61 0f 00 54 ff 33 00 f9 ff 5f 00 b9 81 16 40 f9
0x0000000102849d44:   82 0e 40 a9 84 0a 40 f9 85 2e 40 f9 e0 63 00 91
0x0000000102849d54:   95 00 00 94 97 16 40 f9 80 2a 00 d0 00 40 13 91
0x0000000102849d64:   08 00 40 f9 00 01 3f d6 08 00 40 f9 08 91 41 f9
0x0000000102849d74:   09 09 40 f9 e8 27 07 a9 00 81 c1 3c e0 03 88 3c
0x0000000102849d84:   08 15 40 f9 e8 5f 09 a9 e0 82 0e 91 15 57 f4 97
0x0000000102849d94:   bf 3b 03 d5 e8 32 11 91 89 00 80 52 09 fd 9f 88
0x0000000102849da4:   e8 a3 01 91 16 e1 00 91 e0 03 16 aa e1 03 17 aa
0x0000000102849db4:   00 4b f7 97 68 26 40 f9 68 01 00 b4 e5 8b 44 a9
0x0000000102849dc4:   e1 13 40 f9 e4 8f 43 a9 86 32 40 b9 87 1e 40 f9
0x0000000102849dd4:   e9 83 01 91 ea 73 01 91 ea 27 00 a9 e0 03 13 aa
0x0000000102849de4:   00 01 3f d6 e8 33 40 f9 e8 03 00 b4 28 00 80 52
0x0000000102849df4:   88 92 01 39 35 02 00 34 88 26 40 f9 08 01 40 f9
0x0000000102849e04:   c8 01 00 b5 88 32 80 b9 00 11 00 91 21 01 80 52
0x0000000102849e14:   35 30 06 94 88 32 40 b9 40 0b 00 b4 f5 03 00 aa
0x0000000102849e24:   08 44 00 b8 81 1e 40 f9 82 32 80 b9 96 b3 0e 94
0x0000000102849e34:   88 26 40 f9 15 01 00 f9 81 1e 40 f9 88 0e 40 f9
0x0000000102849e44:   08 01 40 f9 3f 00 08 eb 60 00 00 54 80 22 40 f9
0x0000000102849e54:   e3 71 ff 97 e8 33 40 f9 88 ce 03 a9 e8 5f 40 b9
0x0000000102849e64:   88 32 00 b9 e0 03 16 aa 00 4b f7 97 f3 4f 40 f9
0x0000000102849e74:   08 2b 00 90 08 e1 3b 91 08 01 40 39 69 32 11 91
0x0000000102849e84:   ca 00 80 52 2a fd 9f 88 28 06 00 34 68 42 11 91
0x0000000102849e94:   08 c1 bf f8 48 06 00 37 68 4a 44 b9 1f 05 1e 72
0x0000000102849ea4:   60 00 00 54 e0 03 13 aa 81 f7 f8 97 68 32 11 91
0x0000000102849eb4:   c9 00 80 52 09 fd 9f 88 f3 23 47 a9 08 01 40 f9
0x0000000102849ec4:   c8 00 00 b4 e1 4b 40 f9 e0 03 13 aa ce eb ea 97
0x0000000102849ed4:   e0 3f 40 f9 7c eb ea 97 68 0e 40 f9 e9 43 40 f9 


Stack slot to memory mapping:

stack at sp + 0 slots: 0x000000017371cc3c is pointing into the stack for thread: 0x00000001199dae00
stack at sp + 1 slots: 0x000000017371cc40 is pointing into the stack for thread: 0x00000001199dae00
stack at sp + 2 slots: 0x000000000000000d is an unknown value
stack at sp + 3 slots: 0x00000001199dae00 is a thread
stack at sp + 4 slots: 
[error occurred during error reporting (inspecting top of stack), id 0xa, SIGBUS (0xa) at pc=0x00000001826ae904]
stack at sp + 5 slots: 0x0000000100000000 is an unknown value
stack at sp + 6 slots: 
[error occurred during error reporting (inspecting top of stack, attempt 2), id 0xa, SIGBUS (0xa) at pc=0x00000001826ae904]
stack at sp + 7 slots: 
[error occurred during error reporting (inspecting top of stack, attempt 3), id 0xa, SIGBUS (0xa) at pc=0x00000001826ae904]

[error occurred during error reporting (printing code blobs if possible), id 0xa, SIGBUS (0xa) at pc=0x00000001826ae904]

---------------  P R O C E S S  ---------------

Threads class SMR info:
_java_thread_list=0x0000600002ace180, length=64, elements={
0x000000014b808c00, 0x000000014b8e3e00, 0x000000015b826a00, 0x000000015b809400,
0x000000015c015200, 0x000000014b8f2e00, 0x000000012c00a400, 0x000000012d00a400,
0x000000015c819c00, 0x000000015c825600, 0x0000000120834200, 0x000000015ce53200,
0x000000012e018200, 0x000000015caf9200, 0x00000001199c7400, 0x00000001199c8600,
0x00000001199d5400, 0x00000001199dae00, 0x000000015ce5dc00, 0x000000015ce5a400,
0x000000015c6cd200, 0x000000015c6dc000, 0x000000015c6c9400, 0x0000000120aabe00,
0x000000015c27b800, 0x000000014baf1800, 0x00000001199c4000, 0x0000000121991200,
0x000000012199d600, 0x0000000121994e00, 0x000000015b828e00, 0x000000015c6eac00,
0x000000015c6e7000, 0x000000015c6e7800, 0x000000015c027600, 0x000000012c02e400,
0x0000000120ac5800, 0x0000000119d65200, 0x0000000120add000, 0x00000001219bae00,
0x00000001219bb600, 0x00000001210dbc00, 0x0000000119dd3e00, 0x0000000120b24200,
0x0000000120b25200, 0x0000000119dc4000, 0x00000001219d4400, 0x00000001219d7e00,
0x00000001219d8600, 0x00000001210e8000, 0x00000001219d2800, 0x000000012192a000,
0x000000015cf39a00, 0x000000015cf4e200, 0x000000015cf3a200, 0x000000015cf4f000,
0x000000015cf53000, 0x000000015cf53800, 0x000000015cf54000, 0x0000000120995e00,
0x0000000120b64400, 0x0000000120987e00, 0x00000001214c6a00, 0x0000000120988600
}

Java Threads: ( => current thread )
  0x000000014b808c00 JavaThread "main"                              [_thread_blocked, id=5891, stack(0x000000016f078000,0x000000016f27b000) (2060K)]
  0x000000014b8e3e00 JavaThread "Common-Cleaner"             daemon [_thread_blocked, id=29699, stack(0x00000001701f0000,0x00000001703f3000) (2060K)]
  0x000000015b826a00 JavaThread "Reference Handler"          daemon [_thread_blocked, id=24835, stack(0x00000001703fc000,0x00000001705ff000) (2060K)]
  0x000000015b809400 JavaThread "Finalizer"                  daemon [_thread_blocked, id=25091, stack(0x0000000170608000,0x000000017080b000) (2060K)]
  0x000000015c015200 JavaThread "Signal Dispatcher"          daemon [_thread_blocked, id=25603, stack(0x0000000170814000,0x0000000170a17000) (2060K)]
  0x000000014b8f2e00 JavaThread "Service Thread"             daemon [_thread_blocked, id=26115, stack(0x0000000170a20000,0x0000000170c23000) (2060K)]
  0x000000012c00a400 JavaThread "Monitor Deflation Thread"   daemon [_thread_blocked, id=26371, stack(0x0000000170c2c000,0x0000000170e2f000) (2060K)]
  0x000000012d00a400 JavaThread "C2 CompilerThread0"         daemon [_thread_blocked, id=28675, stack(0x0000000170e38000,0x000000017103b000) (2060K)]
  0x000000015c819c00 JavaThread "C1 CompilerThread0"         daemon [_thread_blocked, id=26627, stack(0x0000000171044000,0x0000000171247000) (2060K)]
  0x000000015c825600 JavaThread "Notification Thread"        daemon [_thread_blocked, id=27139, stack(0x0000000171250000,0x0000000171453000) (2060K)]
  0x0000000120834200 JavaThread "Daemon health stats"               [_thread_blocked, id=42499, stack(0x0000000171e98000,0x000000017209b000) (2060K)]
  0x000000015ce53200 JavaThread "Incoming local TCP Connector on port 65306"        [_thread_in_native, id=41987, stack(0x00000001720a4000,0x00000001722a7000) (2060K)]
  0x000000012e018200 JavaThread "Daemon periodic checks"            [_thread_blocked, id=33795, stack(0x00000001722b0000,0x00000001724b3000) (2060K)]
  0x000000015caf9200 JavaThread "Daemon"                            [_thread_blocked, id=34051, stack(0x00000001724bc000,0x00000001726bf000) (2060K)]
  0x00000001199c7400 JavaThread "Handler for socket connection from /127.0.0.1:65306 to /127.0.0.1:65308"        [_thread_blocked, id=40963, stack(0x00000001726c8000,0x00000001728cb000) (2060K)]
  0x00000001199c8600 JavaThread "Cancel handler"                    [_thread_blocked, id=40707, stack(0x00000001728d4000,0x0000000172ad7000) (2060K)]
  0x00000001199d5400 JavaThread "Daemon worker"                     [_thread_in_native, id=38915, stack(0x0000000173310000,0x0000000173513000) (2060K)]
=>0x00000001199dae00 JavaThread "Asynchronous log dispatcher for DefaultDaemonConnection: socket connection from /127.0.0.1:65306 to /127.0.0.1:65308"        [_thread_in_native, id=38659, stack(0x000000017351c000,0x000000017371f000) (2060K)]
  0x000000015ce5dc00 JavaThread "Stdin handler"                     [_thread_blocked, id=35843, stack(0x0000000173728000,0x000000017392b000) (2060K)]
  0x000000015ce5a400 JavaThread "Daemon client event forwarder"        [_thread_blocked, id=38147, stack(0x0000000173934000,0x0000000173b37000) (2060K)]
  0x000000015c6cd200 JavaThread "Cache worker for journal cache (/Users/ritvikbansal/.gradle/caches/journal-1)"        [_thread_blocked, id=37635, stack(0x0000000173b40000,0x0000000173d43000) (2060K)]
  0x000000015c6dc000 JavaThread "File lock request listener"        [_thread_in_native, id=36099, stack(0x0000000173d4c000,0x0000000173f4f000) (2060K)]
  0x000000015c6c9400 JavaThread "Cache worker for file hash cache (/Users/ritvikbansal/.gradle/caches/9.4.1/fileHashes)"        [_thread_blocked, id=37123, stack(0x0000000173f58000,0x000000017415b000) (2060K)]
  0x0000000120aabe00 JavaThread "Cache worker for file hash cache (/Users/ritvikbansal/UpLIFT/.gradle/9.4.1/fileHashes)"        [_thread_blocked, id=36611, stack(0x0000000174164000,0x0000000174367000) (2060K)]
  0x000000015c27b800 JavaThread "Cache worker for Build Output Cleanup Cache (/Users/ritvikbansal/UpLIFT/.gradle/buildOutputCleanup)"        [_thread_blocked, id=43779, stack(0x0000000174370000,0x0000000174573000) (2060K)]
  0x000000014baf1800 JavaThread "File watcher server"        daemon [_thread_in_native, id=44291, stack(0x000000017457c000,0x000000017477f000) (2060K)]
  0x00000001199c4000 JavaThread "File watcher consumer"      daemon [_thread_blocked, id=65027, stack(0x0000000174788000,0x000000017498b000) (2060K)]
  0x0000000121991200 JavaThread "jar transforms"                    [_thread_blocked, id=64515, stack(0x0000000174994000,0x0000000174b97000) (2060K)]
  0x000000012199d600 JavaThread "jar transforms Thread 2"           [_thread_blocked, id=64259, stack(0x0000000174ba0000,0x0000000174da3000) (2060K)]
  0x0000000121994e00 JavaThread "jar transforms Thread 3"           [_thread_blocked, id=44803, stack(0x0000000174dac000,0x0000000174faf000) (2060K)]
  0x000000015b828e00 JavaThread "jar transforms Thread 4"           [_thread_blocked, id=45315, stack(0x0000000174fb8000,0x00000001751bb000) (2060K)]
  0x000000015c6eac00 JavaThread "jar transforms Thread 5"           [_thread_blocked, id=63491, stack(0x00000001751c4000,0x00000001753c7000) (2060K)]
  0x000000015c6e7000 JavaThread "jar transforms Thread 6"           [_thread_blocked, id=63235, stack(0x00000001753d0000,0x00000001755d3000) (2060K)]
  0x000000015c6e7800 JavaThread "jar transforms Thread 7"           [_thread_blocked, id=62723, stack(0x00000001755dc000,0x00000001757df000) (2060K)]
  0x000000015c027600 JavaThread "jar transforms Thread 8"           [_thread_blocked, id=62467, stack(0x00000001757e8000,0x00000001759eb000) (2060K)]
  0x000000012c02e400 JavaThread "jar transforms Thread 9"           [_thread_blocked, id=61955, stack(0x00000001759f4000,0x0000000175bf7000) (2060K)]
  0x0000000120ac5800 JavaThread "jar transforms Thread 10"          [_thread_blocked, id=46083, stack(0x0000000175c00000,0x0000000175e03000) (2060K)]
  0x0000000119d65200 JavaThread "Cache worker for file content cache (/Users/ritvikbansal/.gradle/caches/9.4.1/fileContent)"        [_thread_blocked, id=61187, stack(0x0000000175e0c000,0x000000017600f000) (2060K)]
  0x0000000120add000 JavaThread "Cache worker for checksums cache (/Users/ritvikbansal/UpLIFT/.gradle/9.4.1/checksums)"        [_thread_blocked, id=46339, stack(0x0000000176018000,0x000000017621b000) (2060K)]
  0x00000001219bae00 JavaThread "Cache worker for cache directory md-supplier (/Users/ritvikbansal/.gradle/caches/9.4.1/md-supplier)"        [_thread_blocked, id=60419, stack(0x0000000176224000,0x0000000176427000) (2060K)]
  0x00000001219bb600 JavaThread "Cache worker for cache directory md-rule (/Users/ritvikbansal/.gradle/caches/9.4.1/md-rule)"        [_thread_blocked, id=60163, stack(0x0000000176430000,0x0000000176633000) (2060K)]
  0x00000001210dbc00 JavaThread "Build operations"                  [_thread_blocked, id=46851, stack(0x000000017663c000,0x000000017683f000) (2060K)]
  0x0000000119dd3e00 JavaThread "Build operations Thread 2"         [_thread_blocked, id=47363, stack(0x0000000176848000,0x0000000176a4b000) (2060K)]
  0x0000000120b24200 JavaThread "Build operations Thread 3"         [_thread_blocked, id=59651, stack(0x0000000176a54000,0x0000000176c57000) (2060K)]
  0x0000000120b25200 JavaThread "Build operations Thread 4"         [_thread_blocked, id=59139, stack(0x0000000176c60000,0x0000000176e63000) (2060K)]
  0x0000000119dc4000 JavaThread "Build operations Thread 5"         [_thread_blocked, id=48131, stack(0x0000000176e6c000,0x000000017706f000) (2060K)]
  0x00000001219d4400 JavaThread "Build operations Thread 6"         [_thread_blocked, id=58627, stack(0x0000000177078000,0x000000017727b000) (2060K)]
  0x00000001219d7e00 JavaThread "Build operations Thread 7"         [_thread_blocked, id=58371, stack(0x0000000177284000,0x0000000177487000) (2060K)]
  0x00000001219d8600 JavaThread "Build operations Thread 8"         [_thread_blocked, id=57859, stack(0x0000000177490000,0x0000000177693000) (2060K)]
  0x00000001210e8000 JavaThread "Build operations Thread 9"         [_thread_blocked, id=48643, stack(0x000000017769c000,0x000000017789f000) (2060K)]
  0x00000001219d2800 JavaThread "Build operations Thread 10"        [_thread_blocked, id=49155, stack(0x00000001778a8000,0x0000000177aab000) (2060K)]
  0x000000012192a000 JavaThread "Memory manager"                    [_thread_blocked, id=30731, stack(0x0000000177ab4000,0x0000000177cb7000) (2060K)]
  0x000000015cf39a00 JavaThread "pool-3-thread-1"                   [_thread_blocked, id=57355, stack(0x0000000177cc0000,0x0000000177ec3000) (2060K)]
  0x000000015cf4e200 JavaThread "Execution worker"                  [_thread_blocked, id=50691, stack(0x000000032c210000,0x000000032c413000) (2060K)]
  0x000000015cf3a200 JavaThread "Execution worker Thread 2"         [_thread_blocked, id=50947, stack(0x000000032c41c000,0x000000032c61f000) (2060K)]
  0x000000015cf4f000 JavaThread "Execution worker Thread 3"         [_thread_blocked, id=51203, stack(0x000000032c628000,0x000000032c82b000) (2060K)]
  0x000000015cf53000 JavaThread "Execution worker Thread 4"         [_thread_blocked, id=56323, stack(0x000000032c834000,0x000000032ca37000) (2060K)]
  0x000000015cf53800 JavaThread "Execution worker Thread 5"         [_thread_blocked, id=55811, stack(0x000000032ca40000,0x000000032cc43000) (2060K)]
  0x000000015cf54000 JavaThread "Execution worker Thread 6"         [_thread_blocked, id=51971, stack(0x000000032cc4c000,0x000000032ce4f000) (2060K)]
  0x0000000120995e00 JavaThread "Execution worker Thread 7"         [_thread_blocked, id=52227, stack(0x000000032ce58000,0x000000032d05b000) (2060K)]
  0x0000000120b64400 JavaThread "Execution worker Thread 8"         [_thread_blocked, id=55043, stack(0x000000032d064000,0x000000032d267000) (2060K)]
  0x0000000120987e00 JavaThread "Execution worker Thread 9"         [_thread_blocked, id=52483, stack(0x000000032d270000,0x000000032d473000) (2060K)]
  0x00000001214c6a00 JavaThread "Cache worker for execution history cache (/Users/ritvikbansal/UpLIFT/.gradle/9.4.1/executionHistory)"        [_thread_blocked, id=54275, stack(0x000000032d47c000,0x000000032d67f000) (2060K)]
  0x0000000120988600 JavaThread "idea-tooling-model-converter"        [_thread_blocked, id=52739, stack(0x000000032d688000,0x000000032d88b000) (2060K)]
Total: 64

Other Threads:
  0x000000015d005080 VMThread "VM Thread"                           [id=17923, stack(0x000000016fecc000,0x00000001700cf000) (2060K)]
  0x000000015b70b860 WatcherThread "VM Periodic Task Thread"        [id=20739, stack(0x000000016fcc0000,0x000000016fec3000) (2060K)]
  0x000000015b706bd0 WorkerThread "GC Thread#0"                     [id=12803, stack(0x000000016f284000,0x000000016f487000) (2060K)]
  0x000000012b625410 WorkerThread "GC Thread#1"                     [id=28163, stack(0x000000017145c000,0x000000017165f000) (2060K)]
  0x000000012b625980 WorkerThread "GC Thread#2"                     [id=27907, stack(0x0000000171668000,0x000000017186b000) (2060K)]
  0x000000015b72bda0 WorkerThread "GC Thread#3"                     [id=43267, stack(0x0000000171874000,0x0000000171a77000) (2060K)]
  0x000000015b72c310 WorkerThread "GC Thread#4"                     [id=33027, stack(0x0000000171a80000,0x0000000171c83000) (2060K)]
  0x000000015b6131d0 WorkerThread "GC Thread#5"                     [id=42755, stack(0x0000000171c8c000,0x0000000171e8f000) (2060K)]
  0x000000015b635000 WorkerThread "GC Thread#6"                     [id=40195, stack(0x0000000172ae0000,0x0000000172ce3000) (2060K)]
  0x000000015b635790 WorkerThread "GC Thread#7"                     [id=39683, stack(0x0000000172cec000,0x0000000172eef000) (2060K)]
  0x000000015b6360f0 WorkerThread "GC Thread#8"                     [id=39427, stack(0x0000000172ef8000,0x00000001730fb000) (2060K)]
  0x000000015b707370 ConcurrentGCThread "G1 Main Marker"            [id=14851, stack(0x000000016f490000,0x000000016f693000) (2060K)]
  0x000000015b707cf0 WorkerThread "G1 Conc#0"                       [id=14595, stack(0x000000016f69c000,0x000000016f89f000) (2060K)]
  0x000000015b750970 WorkerThread "G1 Conc#1"                       [id=39171, stack(0x0000000173104000,0x0000000173307000) (2060K)]
  0x000000014b8d3000 ConcurrentGCThread "G1 Refine#0"               [id=14083, stack(0x000000016f8a8000,0x000000016faab000) (2060K)]
  0x000000015b70a4d0 ConcurrentGCThread "G1 Service"                [id=21507, stack(0x000000016fab4000,0x000000016fcb7000) (2060K)]
Total: 16

Threads with active compile tasks:
Total: 0

VM state: not at safepoint (normal execution)

VM Mutex/Monitor currently owned by a thread: None

Heap address: 0x0000000780000000, size: 2048 MB, Compressed Oops mode: Zero based, Oop shift amount: 3

CDS archive(s) not mapped
Compressed class space mapped at: 0x0000000800000000-0x0000000840000000, reserved size: 1073741824
Narrow klass base: 0x0000000800000000, Narrow klass shift: 0, Narrow klass range: 0x40000000

GC Precious Log:
 CardTable entry size: 512
 Card Set container configuration: InlinePtr #cards 5 size 8 Array Of Cards #cards 12 size 40 Howl #buckets 4 coarsen threshold 1843 Howl Bitmap #cards 512 size 80 coarsen threshold 460 Card regions per heap region 1 cards per card region 2048
 CPUs: 10 total, 10 available
 Memory: 16384M
 Large Page Support: Disabled
 NUMA Support: Disabled
 Compressed Oops: Enabled (Zero based)
 Heap Region Size: 1M
 Heap Min Capacity: 8M
 Heap Initial Capacity: 256M
 Heap Max Capacity: 2G
 Pre-touch: Disabled
 Parallel Workers: 9
 Concurrent Workers: 2
 Concurrent Refinement Workers: 9
 Periodic GC: Disabled

Heap:
 garbage-first heap   total 268288K, used 155164K [0x0000000780000000, 0x0000000800000000)
  region size 1024K, 23 young (23552K), 13 survivors (13312K)
 Metaspace       used 182188K, committed 184640K, reserved 1245184K
  class space    used 24206K, committed 25408K, reserved 1048576K

Heap Regions: E=young(eden), S=young(survivor), O=old, HS=humongous(starts), HC=humongous(continues), CS=collection set, F=free, TAMS=top-at-mark-start, PB=parsable bottom
|   0|0x0000000780000000, 0x0000000780100000, 0x0000000780100000|100%|HS|  |TAMS 0x0000000780000000| PB 0x0000000780000000| Complete 
|   1|0x0000000780100000, 0x0000000780200000, 0x0000000780200000|100%|HC|  |TAMS 0x0000000780100000| PB 0x0000000780100000| Complete 
|   2|0x0000000780200000, 0x0000000780300000, 0x0000000780300000|100%|HC|  |TAMS 0x0000000780200000| PB 0x0000000780200000| Complete 
|   3|0x0000000780300000, 0x0000000780400000, 0x0000000780400000|100%|HC|  |TAMS 0x0000000780300000| PB 0x0000000780300000| Complete 
|   4|0x0000000780400000, 0x0000000780500000, 0x0000000780500000|100%| O|  |TAMS 0x0000000780400000| PB 0x0000000780400000| Untracked 
|   5|0x0000000780500000, 0x0000000780600000, 0x0000000780600000|100%| O|  |TAMS 0x0000000780500000| PB 0x0000000780500000| Untracked 
|   6|0x0000000780600000, 0x0000000780700000, 0x0000000780700000|100%| O|  |TAMS 0x0000000780600000| PB 0x0000000780600000| Untracked 
|   7|0x0000000780700000, 0x0000000780800000, 0x0000000780800000|100%| O|  |TAMS 0x0000000780700000| PB 0x0000000780700000| Untracked 
|   8|0x0000000780800000, 0x0000000780900000, 0x0000000780900000|100%|HS|  |TAMS 0x0000000780800000| PB 0x0000000780800000| Complete 
|   9|0x0000000780900000, 0x0000000780a00000, 0x0000000780a00000|100%| O|  |TAMS 0x0000000780900000| PB 0x0000000780900000| Untracked 
|  10|0x0000000780a00000, 0x0000000780b00000, 0x0000000780b00000|100%| O|  |TAMS 0x0000000780a00000| PB 0x0000000780a00000| Untracked 
|  11|0x0000000780b00000, 0x0000000780c00000, 0x0000000780c00000|100%| O|  |TAMS 0x0000000780b00000| PB 0x0000000780b00000| Untracked 
|  12|0x0000000780c00000, 0x0000000780d00000, 0x0000000780d00000|100%| O|  |TAMS 0x0000000780c00000| PB 0x0000000780c00000| Untracked 
|  13|0x0000000780d00000, 0x0000000780e00000, 0x0000000780e00000|100%| O|  |TAMS 0x0000000780d00000| PB 0x0000000780d00000| Untracked 
|  14|0x0000000780e00000, 0x0000000780f00000, 0x0000000780f00000|100%| O|  |TAMS 0x0000000780e00000| PB 0x0000000780e00000| Untracked 
|  15|0x0000000780f00000, 0x0000000781000000, 0x0000000781000000|100%| O|  |TAMS 0x0000000780f00000| PB 0x0000000780f00000| Untracked 
|  16|0x0000000781000000, 0x0000000781100000, 0x0000000781100000|100%| O|  |TAMS 0x0000000781000000| PB 0x0000000781000000| Untracked 
|  17|0x0000000781100000, 0x0000000781200000, 0x0000000781200000|100%| O|  |TAMS 0x0000000781100000| PB 0x0000000781100000| Untracked 
|  18|0x0000000781200000, 0x0000000781300000, 0x0000000781300000|100%| O|  |TAMS 0x0000000781200000| PB 0x0000000781200000| Untracked 
|  19|0x0000000781300000, 0x0000000781400000, 0x0000000781400000|100%| O|  |TAMS 0x0000000781300000| PB 0x0000000781300000| Untracked 
|  20|0x0000000781400000, 0x0000000781500000, 0x0000000781500000|100%| O|  |TAMS 0x0000000781400000| PB 0x0000000781400000| Untracked 
|  21|0x0000000781500000, 0x0000000781600000, 0x0000000781600000|100%|HS|  |TAMS 0x0000000781500000| PB 0x0000000781500000| Complete 
|  22|0x0000000781600000, 0x0000000781700000, 0x0000000781700000|100%| O|  |TAMS 0x0000000781600000| PB 0x0000000781600000| Untracked 
|  23|0x0000000781700000, 0x0000000781800000, 0x0000000781800000|100%|HS|  |TAMS 0x0000000781700000| PB 0x0000000781700000| Complete 
|  24|0x0000000781800000, 0x0000000781900000, 0x0000000781900000|100%|HC|  |TAMS 0x0000000781800000| PB 0x0000000781800000| Complete 
|  25|0x0000000781900000, 0x0000000781a00000, 0x0000000781a00000|100%|HC|  |TAMS 0x0000000781900000| PB 0x0000000781900000| Complete 
|  26|0x0000000781a00000, 0x0000000781b00000, 0x0000000781b00000|100%|HC|  |TAMS 0x0000000781a00000| PB 0x0000000781a00000| Complete 
|  27|0x0000000781b00000, 0x0000000781c00000, 0x0000000781c00000|100%|HC|  |TAMS 0x0000000781b00000| PB 0x0000000781b00000| Complete 
|  28|0x0000000781c00000, 0x0000000781d00000, 0x0000000781d00000|100%|HC|  |TAMS 0x0000000781c00000| PB 0x0000000781c00000| Complete 
|  29|0x0000000781d00000, 0x0000000781e00000, 0x0000000781e00000|100%|HC|  |TAMS 0x0000000781d00000| PB 0x0000000781d00000| Complete 
|  30|0x0000000781e00000, 0x0000000781f00000, 0x0000000781f00000|100%|HS|  |TAMS 0x0000000781e00000| PB 0x0000000781e00000| Complete 
|  31|0x0000000781f00000, 0x0000000782000000, 0x0000000782000000|100%| O|  |TAMS 0x0000000781f00000| PB 0x0000000781f00000| Untracked 
|  32|0x0000000782000000, 0x0000000782100000, 0x0000000782100000|100%| O|  |TAMS 0x0000000782000000| PB 0x0000000782000000| Untracked 
|  33|0x0000000782100000, 0x0000000782200000, 0x0000000782200000|100%|HS|  |TAMS 0x0000000782100000| PB 0x0000000782100000| Complete 
|  34|0x0000000782200000, 0x0000000782300000, 0x0000000782300000|100%|HC|  |TAMS 0x0000000782200000| PB 0x0000000782200000| Complete 
|  35|0x0000000782300000, 0x0000000782400000, 0x0000000782400000|100%|HC|  |TAMS 0x0000000782300000| PB 0x0000000782300000| Complete 
|  36|0x0000000782400000, 0x0000000782500000, 0x0000000782500000|100%|HC|  |TAMS 0x0000000782400000| PB 0x0000000782400000| Complete 
|  37|0x0000000782500000, 0x0000000782600000, 0x0000000782600000|100%|HC|  |TAMS 0x0000000782500000| PB 0x0000000782500000| Complete 
|  38|0x0000000782600000, 0x0000000782700000, 0x0000000782700000|100%|HC|  |TAMS 0x0000000782600000| PB 0x0000000782600000| Complete 
|  39|0x0000000782700000, 0x0000000782800000, 0x0000000782800000|100%|HC|  |TAMS 0x0000000782700000| PB 0x0000000782700000| Complete 
|  40|0x0000000782800000, 0x0000000782900000, 0x0000000782900000|100%|HS|  |TAMS 0x0000000782800000| PB 0x0000000782800000| Complete 
|  41|0x0000000782900000, 0x0000000782a00000, 0x0000000782a00000|100%|HS|  |TAMS 0x0000000782900000| PB 0x0000000782900000| Complete 
|  42|0x0000000782a00000, 0x0000000782b00000, 0x0000000782b00000|100%| O|  |TAMS 0x0000000782a00000| PB 0x0000000782a00000| Untracked 
|  43|0x0000000782b00000, 0x0000000782c00000, 0x0000000782c00000|100%| O|  |TAMS 0x0000000782b00000| PB 0x0000000782b00000| Untracked 
|  44|0x0000000782c00000, 0x0000000782d00000, 0x0000000782d00000|100%| O|  |TAMS 0x0000000782c00000| PB 0x0000000782c00000| Untracked 
|  45|0x0000000782d00000, 0x0000000782e00000, 0x0000000782e00000|100%| O|  |TAMS 0x0000000782d00000| PB 0x0000000782d00000| Untracked 
|  46|0x0000000782e00000, 0x0000000782f00000, 0x0000000782f00000|100%| O|  |TAMS 0x0000000782e00000| PB 0x0000000782e00000| Untracked 
|  47|0x0000000782f00000, 0x0000000783000000, 0x0000000783000000|100%| O|  |TAMS 0x0000000782f00000| PB 0x0000000782f00000| Untracked 
|  48|0x0000000783000000, 0x0000000783100000, 0x0000000783100000|100%| O|  |TAMS 0x0000000783000000| PB 0x0000000783000000| Untracked 
|  49|0x0000000783100000, 0x0000000783200000, 0x0000000783200000|100%| O|  |TAMS 0x0000000783100000| PB 0x0000000783100000| Untracked 
|  50|0x0000000783200000, 0x0000000783300000, 0x0000000783300000|100%| O|  |TAMS 0x0000000783200000| PB 0x0000000783200000| Untracked 
|  51|0x0000000783300000, 0x0000000783400000, 0x0000000783400000|100%| O|  |TAMS 0x0000000783300000| PB 0x0000000783300000| Untracked 
|  52|0x0000000783400000, 0x0000000783500000, 0x0000000783500000|100%| O|  |TAMS 0x0000000783400000| PB 0x0000000783400000| Untracked 
|  53|0x0000000783500000, 0x0000000783600000, 0x0000000783600000|100%| O|  |TAMS 0x0000000783500000| PB 0x0000000783500000| Untracked 
|  54|0x0000000783600000, 0x0000000783700000, 0x0000000783700000|100%| O|  |TAMS 0x0000000783600000| PB 0x0000000783600000| Untracked 
|  55|0x0000000783700000, 0x0000000783800000, 0x0000000783800000|100%| O|  |TAMS 0x0000000783700000| PB 0x0000000783700000| Untracked 
|  56|0x0000000783800000, 0x0000000783900000, 0x0000000783900000|100%| O|  |TAMS 0x0000000783800000| PB 0x0000000783800000| Untracked 
|  57|0x0000000783900000, 0x0000000783a00000, 0x0000000783a00000|100%| O|  |TAMS 0x0000000783900000| PB 0x0000000783900000| Untracked 
|  58|0x0000000783a00000, 0x0000000783a00000, 0x0000000783b00000|  0%| F|  |TAMS 0x0000000783a00000| PB 0x0000000783a00000| Untracked 
|  59|0x0000000783b00000, 0x0000000783c00000, 0x0000000783c00000|100%| O|  |TAMS 0x0000000783b00000| PB 0x0000000783b00000| Untracked 
|  60|0x0000000783c00000, 0x0000000783c00000, 0x0000000783d00000|  0%| F|  |TAMS 0x0000000783c00000| PB 0x0000000783c00000| Untracked 
|  61|0x0000000783d00000, 0x0000000783e00000, 0x0000000783e00000|100%| O|Cm|TAMS 0x0000000783d00000| PB 0x0000000783d00000| Complete 
|  62|0x0000000783e00000, 0x0000000783f00000, 0x0000000783f00000|100%| O|  |TAMS 0x0000000783e00000| PB 0x0000000783e00000| Untracked 
|  63|0x0000000783f00000, 0x0000000784000000, 0x0000000784000000|100%| O|  |TAMS 0x0000000783f00000| PB 0x0000000783f00000| Untracked 
|  64|0x0000000784000000, 0x0000000784100000, 0x0000000784100000|100%| O|  |TAMS 0x0000000784000000| PB 0x0000000784000000| Untracked 
|  65|0x0000000784100000, 0x0000000784200000, 0x0000000784200000|100%|HS|  |TAMS 0x0000000784100000| PB 0x0000000784100000| Complete 
|  66|0x0000000784200000, 0x0000000784300000, 0x0000000784300000|100%|HS|  |TAMS 0x0000000784200000| PB 0x0000000784200000| Complete 
|  67|0x0000000784300000, 0x0000000784400000, 0x0000000784400000|100%| O|  |TAMS 0x0000000784300000| PB 0x0000000784300000| Untracked 
|  68|0x0000000784400000, 0x0000000784500000, 0x0000000784500000|100%| O|Cm|TAMS 0x0000000784400000| PB 0x0000000784400000| Complete 
|  69|0x0000000784500000, 0x0000000784600000, 0x0000000784600000|100%| O|  |TAMS 0x0000000784500000| PB 0x0000000784500000| Untracked 
|  70|0x0000000784600000, 0x0000000784700000, 0x0000000784700000|100%| O|  |TAMS 0x0000000784600000| PB 0x0000000784600000| Untracked 
|  71|0x0000000784700000, 0x0000000784800000, 0x0000000784800000|100%|HS|  |TAMS 0x0000000784700000| PB 0x0000000784700000| Complete 
|  72|0x0000000784800000, 0x0000000784900000, 0x0000000784900000|100%|HS|  |TAMS 0x0000000784800000| PB 0x0000000784800000| Complete 
|  73|0x0000000784900000, 0x0000000784a00000, 0x0000000784a00000|100%| O|  |TAMS 0x0000000784900000| PB 0x0000000784900000| Untracked 
|  74|0x0000000784a00000, 0x0000000784b00000, 0x0000000784b00000|100%| O|  |TAMS 0x0000000784a00000| PB 0x0000000784a00000| Untracked 
|  75|0x0000000784b00000, 0x0000000784c00000, 0x0000000784c00000|100%| O|  |TAMS 0x0000000784b00000| PB 0x0000000784b00000| Untracked 
|  76|0x0000000784c00000, 0x0000000784d00000, 0x0000000784d00000|100%| O|  |TAMS 0x0000000784c00000| PB 0x0000000784c00000| Untracked 
|  77|0x0000000784d00000, 0x0000000784e00000, 0x0000000784e00000|100%| O|  |TAMS 0x0000000784d00000| PB 0x0000000784d00000| Untracked 
|  78|0x0000000784e00000, 0x0000000784f00000, 0x0000000784f00000|100%| O|  |TAMS 0x0000000784e00000| PB 0x0000000784e00000| Untracked 
|  79|0x0000000784f00000, 0x0000000785000000, 0x0000000785000000|100%|HS|  |TAMS 0x0000000784f00000| PB 0x0000000784f00000| Complete 
|  80|0x0000000785000000, 0x0000000785100000, 0x0000000785100000|100%|HC|  |TAMS 0x0000000785000000| PB 0x0000000785000000| Complete 
|  81|0x0000000785100000, 0x0000000785200000, 0x0000000785200000|100%|HS|  |TAMS 0x0000000785100000| PB 0x0000000785100000| Complete 
|  82|0x0000000785200000, 0x0000000785200000, 0x0000000785300000|  0%| F|  |TAMS 0x0000000785200000| PB 0x0000000785200000| Untracked 
|  83|0x0000000785300000, 0x0000000785400000, 0x0000000785400000|100%| O|  |TAMS 0x0000000785300000| PB 0x0000000785300000| Untracked 
|  84|0x0000000785400000, 0x0000000785500000, 0x0000000785500000|100%|HS|  |TAMS 0x0000000785400000| PB 0x0000000785400000| Complete 
|  85|0x0000000785500000, 0x0000000785600000, 0x0000000785600000|100%| O|  |TAMS 0x0000000785500000| PB 0x0000000785500000| Untracked 
|  86|0x0000000785600000, 0x0000000785700000, 0x0000000785700000|100%| O|  |TAMS 0x0000000785600000| PB 0x0000000785600000| Untracked 
|  87|0x0000000785700000, 0x0000000785800000, 0x0000000785800000|100%|HS|  |TAMS 0x0000000785700000| PB 0x0000000785700000| Complete 
|  88|0x0000000785800000, 0x0000000785900000, 0x0000000785900000|100%| O|  |TAMS 0x0000000785800000| PB 0x0000000785800000| Untracked 
|  89|0x0000000785900000, 0x0000000785a00000, 0x0000000785a00000|100%| O|  |TAMS 0x0000000785900000| PB 0x0000000785900000| Untracked 
|  90|0x0000000785a00000, 0x0000000785b00000, 0x0000000785b00000|100%| O|  |TAMS 0x0000000785a00000| PB 0x0000000785a00000| Untracked 
|  91|0x0000000785b00000, 0x0000000785c00000, 0x0000000785c00000|100%| O|  |TAMS 0x0000000785b00000| PB 0x0000000785b00000| Untracked 
|  92|0x0000000785c00000, 0x0000000785d00000, 0x0000000785d00000|100%| O|  |TAMS 0x0000000785c00000| PB 0x0000000785c00000| Untracked 
|  93|0x0000000785d00000, 0x0000000785d00000, 0x0000000785e00000|  0%| F|  |TAMS 0x0000000785d00000| PB 0x0000000785d00000| Untracked 
|  94|0x0000000785e00000, 0x0000000785f00000, 0x0000000785f00000|100%| O|  |TAMS 0x0000000785e00000| PB 0x0000000785e00000| Untracked 
|  95|0x0000000785f00000, 0x0000000786000000, 0x0000000786000000|100%|HS|  |TAMS 0x0000000785f00000| PB 0x0000000785f00000| Complete 
|  96|0x0000000786000000, 0x0000000786100000, 0x0000000786100000|100%|HC|  |TAMS 0x0000000786000000| PB 0x0000000786000000| Complete 
|  97|0x0000000786100000, 0x0000000786200000, 0x0000000786200000|100%| O|  |TAMS 0x0000000786100000| PB 0x0000000786100000| Untracked 
|  98|0x0000000786200000, 0x0000000786300000, 0x0000000786300000|100%| O|  |TAMS 0x0000000786200000| PB 0x0000000786200000| Untracked 
|  99|0x0000000786300000, 0x0000000786400000, 0x0000000786400000|100%| O|  |TAMS 0x0000000786300000| PB 0x0000000786300000| Untracked 
| 100|0x0000000786400000, 0x0000000786500000, 0x0000000786500000|100%| O|Cm|TAMS 0x0000000786400000| PB 0x0000000786400000| Complete 
| 101|0x0000000786500000, 0x0000000786600000, 0x0000000786600000|100%| O|  |TAMS 0x0000000786500000| PB 0x0000000786500000| Untracked 
| 102|0x0000000786600000, 0x0000000786700000, 0x0000000786700000|100%| O|  |TAMS 0x0000000786600000| PB 0x0000000786600000| Untracked 
| 103|0x0000000786700000, 0x0000000786800000, 0x0000000786800000|100%| O|  |TAMS 0x0000000786700000| PB 0x0000000786700000| Untracked 
| 104|0x0000000786800000, 0x0000000786800000, 0x0000000786900000|  0%| F|  |TAMS 0x0000000786800000| PB 0x0000000786800000| Untracked 
| 105|0x0000000786900000, 0x0000000786a00000, 0x0000000786a00000|100%| O|  |TAMS 0x0000000786900000| PB 0x0000000786900000| Untracked 
| 106|0x0000000786a00000, 0x0000000786b00000, 0x0000000786b00000|100%| O|  |TAMS 0x0000000786a00000| PB 0x0000000786a00000| Untracked 
| 107|0x0000000786b00000, 0x0000000786c00000, 0x0000000786c00000|100%| O|  |TAMS 0x0000000786b00000| PB 0x0000000786b00000| Untracked 
| 108|0x0000000786c00000, 0x0000000786d00000, 0x0000000786d00000|100%| O|  |TAMS 0x0000000786c00000| PB 0x0000000786c00000| Untracked 
| 109|0x0000000786d00000, 0x0000000786e00000, 0x0000000786e00000|100%| O|  |TAMS 0x0000000786d00000| PB 0x0000000786d00000| Untracked 
| 110|0x0000000786e00000, 0x0000000786f00000, 0x0000000786f00000|100%| O|  |TAMS 0x0000000786e00000| PB 0x0000000786e00000| Untracked 
| 111|0x0000000786f00000, 0x0000000787000000, 0x0000000787000000|100%| O|  |TAMS 0x0000000786f00000| PB 0x0000000786f00000| Untracked 
| 112|0x0000000787000000, 0x0000000787100000, 0x0000000787100000|100%| O|  |TAMS 0x0000000787000000| PB 0x0000000787000000| Untracked 
| 113|0x0000000787100000, 0x0000000787200000, 0x0000000787200000|100%| O|  |TAMS 0x0000000787100000| PB 0x0000000787100000| Untracked 
| 114|0x0000000787200000, 0x0000000787300000, 0x0000000787300000|100%| O|  |TAMS 0x0000000787200000| PB 0x0000000787200000| Untracked 
| 115|0x0000000787300000, 0x0000000787400000, 0x0000000787400000|100%| O|Cm|TAMS 0x0000000787300000| PB 0x0000000787300000| Complete 
| 116|0x0000000787400000, 0x0000000787500000, 0x0000000787500000|100%| O|  |TAMS 0x0000000787400000| PB 0x0000000787400000| Untracked 
| 117|0x0000000787500000, 0x0000000787600000, 0x0000000787600000|100%| O|  |TAMS 0x0000000787500000| PB 0x0000000787500000| Untracked 
| 118|0x0000000787600000, 0x0000000787700000, 0x0000000787700000|100%| O|  |TAMS 0x0000000787600000| PB 0x0000000787600000| Untracked 
| 119|0x0000000787700000, 0x0000000787700000, 0x0000000787800000|  0%| F|  |TAMS 0x0000000787700000| PB 0x0000000787700000| Untracked 
| 120|0x0000000787800000, 0x0000000787800000, 0x0000000787900000|  0%| F|  |TAMS 0x0000000787800000| PB 0x0000000787800000| Untracked 
| 121|0x0000000787900000, 0x0000000787a00000, 0x0000000787a00000|100%| O|Cm|TAMS 0x0000000787900000| PB 0x0000000787900000| Complete 
| 122|0x0000000787a00000, 0x0000000787a00000, 0x0000000787b00000|  0%| F|  |TAMS 0x0000000787a00000| PB 0x0000000787a00000| Untracked 
| 123|0x0000000787b00000, 0x0000000787b00000, 0x0000000787c00000|  0%| F|  |TAMS 0x0000000787b00000| PB 0x0000000787b00000| Untracked 
| 124|0x0000000787c00000, 0x0000000787d00000, 0x0000000787d00000|100%| O|  |TAMS 0x0000000787c00000| PB 0x0000000787c00000| Untracked 
| 125|0x0000000787d00000, 0x0000000787d00000, 0x0000000787e00000|  0%| F|  |TAMS 0x0000000787d00000| PB 0x0000000787d00000| Untracked 
| 126|0x0000000787e00000, 0x0000000787f00000, 0x0000000787f00000|100%| O|  |TAMS 0x0000000787e00000| PB 0x0000000787e00000| Untracked 
| 127|0x0000000787f00000, 0x0000000788000000, 0x0000000788000000|100%| O|  |TAMS 0x0000000787f00000| PB 0x0000000787f00000| Untracked 
| 128|0x0000000788000000, 0x0000000788100000, 0x0000000788100000|100%| O|  |TAMS 0x0000000788000000| PB 0x0000000788000000| Untracked 
| 129|0x0000000788100000, 0x0000000788200000, 0x0000000788200000|100%| O|  |TAMS 0x0000000788100000| PB 0x0000000788100000| Untracked 
| 130|0x0000000788200000, 0x0000000788300000, 0x0000000788300000|100%| O|  |TAMS 0x0000000788200000| PB 0x0000000788200000| Untracked 
| 131|0x0000000788300000, 0x0000000788400000, 0x0000000788400000|100%| O|  |TAMS 0x0000000788300000| PB 0x0000000788300000| Untracked 
| 132|0x0000000788400000, 0x0000000788487258, 0x0000000788500000| 52%| O|  |TAMS 0x0000000788400000| PB 0x0000000788400000| Untracked 
| 133|0x0000000788500000, 0x0000000788500000, 0x0000000788600000|  0%| F|  |TAMS 0x0000000788500000| PB 0x0000000788500000| Untracked 
| 134|0x0000000788600000, 0x0000000788600000, 0x0000000788700000|  0%| F|  |TAMS 0x0000000788600000| PB 0x0000000788600000| Untracked 
| 135|0x0000000788700000, 0x0000000788700000, 0x0000000788800000|  0%| F|  |TAMS 0x0000000788700000| PB 0x0000000788700000| Untracked 
| 136|0x0000000788800000, 0x0000000788800000, 0x0000000788900000|  0%| F|  |TAMS 0x0000000788800000| PB 0x0000000788800000| Untracked 
| 137|0x0000000788900000, 0x0000000788900000, 0x0000000788a00000|  0%| F|  |TAMS 0x0000000788900000| PB 0x0000000788900000| Untracked 
| 138|0x0000000788a00000, 0x0000000788a00000, 0x0000000788b00000|  0%| F|  |TAMS 0x0000000788a00000| PB 0x0000000788a00000| Untracked 
| 139|0x0000000788b00000, 0x0000000788c00000, 0x0000000788c00000|100%| S|CS|TAMS 0x0000000788b00000| PB 0x0000000788b00000| Complete 
| 140|0x0000000788c00000, 0x0000000788d00000, 0x0000000788d00000|100%| S|CS|TAMS 0x0000000788c00000| PB 0x0000000788c00000| Complete 
| 141|0x0000000788d00000, 0x0000000788e00000, 0x0000000788e00000|100%| S|CS|TAMS 0x0000000788d00000| PB 0x0000000788d00000| Complete 
| 142|0x0000000788e00000, 0x0000000788f00000, 0x0000000788f00000|100%| S|CS|TAMS 0x0000000788e00000| PB 0x0000000788e00000| Complete 
| 143|0x0000000788f00000, 0x0000000789000000, 0x0000000789000000|100%| S|CS|TAMS 0x0000000788f00000| PB 0x0000000788f00000| Complete 
| 144|0x0000000789000000, 0x0000000789100000, 0x0000000789100000|100%| S|CS|TAMS 0x0000000789000000| PB 0x0000000789000000| Complete 
| 145|0x0000000789100000, 0x0000000789200000, 0x0000000789200000|100%| S|CS|TAMS 0x0000000789100000| PB 0x0000000789100000| Complete 
| 146|0x0000000789200000, 0x0000000789300000, 0x0000000789300000|100%| S|CS|TAMS 0x0000000789200000| PB 0x0000000789200000| Complete 
| 147|0x0000000789300000, 0x0000000789400000, 0x0000000789400000|100%| S|CS|TAMS 0x0000000789300000| PB 0x0000000789300000| Complete 
| 148|0x0000000789400000, 0x0000000789500000, 0x0000000789500000|100%| S|CS|TAMS 0x0000000789400000| PB 0x0000000789400000| Complete 
| 149|0x0000000789500000, 0x0000000789600000, 0x0000000789600000|100%| S|CS|TAMS 0x0000000789500000| PB 0x0000000789500000| Complete 
| 150|0x0000000789600000, 0x0000000789700000, 0x0000000789700000|100%| S|CS|TAMS 0x0000000789600000| PB 0x0000000789600000| Complete 
| 151|0x0000000789700000, 0x0000000789800000, 0x0000000789800000|100%| S|CS|TAMS 0x0000000789700000| PB 0x0000000789700000| Complete 
| 152|0x0000000789800000, 0x0000000789800000, 0x0000000789900000|  0%| F|  |TAMS 0x0000000789800000| PB 0x0000000789800000| Untracked 
| 153|0x0000000789900000, 0x0000000789900000, 0x0000000789a00000|  0%| F|  |TAMS 0x0000000789900000| PB 0x0000000789900000| Untracked 
| 154|0x0000000789a00000, 0x0000000789a00000, 0x0000000789b00000|  0%| F|  |TAMS 0x0000000789a00000| PB 0x0000000789a00000| Untracked 
| 155|0x0000000789b00000, 0x0000000789b00000, 0x0000000789c00000|  0%| F|  |TAMS 0x0000000789b00000| PB 0x0000000789b00000| Untracked 
| 156|0x0000000789c00000, 0x0000000789c00000, 0x0000000789d00000|  0%| F|  |TAMS 0x0000000789c00000| PB 0x0000000789c00000| Untracked 
| 157|0x0000000789d00000, 0x0000000789d00000, 0x0000000789e00000|  0%| F|  |TAMS 0x0000000789d00000| PB 0x0000000789d00000| Untracked 
| 158|0x0000000789e00000, 0x0000000789e00000, 0x0000000789f00000|  0%| F|  |TAMS 0x0000000789e00000| PB 0x0000000789e00000| Untracked 
| 159|0x0000000789f00000, 0x0000000789f00000, 0x000000078a000000|  0%| F|  |TAMS 0x0000000789f00000| PB 0x0000000789f00000| Untracked 
| 160|0x000000078a000000, 0x000000078a000000, 0x000000078a100000|  0%| F|  |TAMS 0x000000078a000000| PB 0x000000078a000000| Untracked 
| 161|0x000000078a100000, 0x000000078a100000, 0x000000078a200000|  0%| F|  |TAMS 0x000000078a100000| PB 0x000000078a100000| Untracked 
| 162|0x000000078a200000, 0x000000078a200000, 0x000000078a300000|  0%| F|  |TAMS 0x000000078a200000| PB 0x000000078a200000| Untracked 
| 163|0x000000078a300000, 0x000000078a300000, 0x000000078a400000|  0%| F|  |TAMS 0x000000078a300000| PB 0x000000078a300000| Untracked 
| 164|0x000000078a400000, 0x000000078a400000, 0x000000078a500000|  0%| F|  |TAMS 0x000000078a400000| PB 0x000000078a400000| Untracked 
| 165|0x000000078a500000, 0x000000078a500000, 0x000000078a600000|  0%| F|  |TAMS 0x000000078a500000| PB 0x000000078a500000| Untracked 
| 166|0x000000078a600000, 0x000000078a600000, 0x000000078a700000|  0%| F|  |TAMS 0x000000078a600000| PB 0x000000078a600000| Untracked 
| 167|0x000000078a700000, 0x000000078a700000, 0x000000078a800000|  0%| F|  |TAMS 0x000000078a700000| PB 0x000000078a700000| Untracked 
| 168|0x000000078a800000, 0x000000078a800000, 0x000000078a900000|  0%| F|  |TAMS 0x000000078a800000| PB 0x000000078a800000| Untracked 
| 169|0x000000078a900000, 0x000000078a900000, 0x000000078aa00000|  0%| F|  |TAMS 0x000000078a900000| PB 0x000000078a900000| Untracked 
| 170|0x000000078aa00000, 0x000000078aa00000, 0x000000078ab00000|  0%| F|  |TAMS 0x000000078aa00000| PB 0x000000078aa00000| Untracked 
| 171|0x000000078ab00000, 0x000000078ab00000, 0x000000078ac00000|  0%| F|  |TAMS 0x000000078ab00000| PB 0x000000078ab00000| Untracked 
| 172|0x000000078ac00000, 0x000000078ac00000, 0x000000078ad00000|  0%| F|  |TAMS 0x000000078ac00000| PB 0x000000078ac00000| Untracked 
| 173|0x000000078ad00000, 0x000000078ad00000, 0x000000078ae00000|  0%| F|  |TAMS 0x000000078ad00000| PB 0x000000078ad00000| Untracked 
| 174|0x000000078ae00000, 0x000000078ae00000, 0x000000078af00000|  0%| F|  |TAMS 0x000000078ae00000| PB 0x000000078ae00000| Untracked 
| 175|0x000000078af00000, 0x000000078af00000, 0x000000078b000000|  0%| F|  |TAMS 0x000000078af00000| PB 0x000000078af00000| Untracked 
| 176|0x000000078b000000, 0x000000078b000000, 0x000000078b100000|  0%| F|  |TAMS 0x000000078b000000| PB 0x000000078b000000| Untracked 
| 177|0x000000078b100000, 0x000000078b100000, 0x000000078b200000|  0%| F|  |TAMS 0x000000078b100000| PB 0x000000078b100000| Untracked 
| 178|0x000000078b200000, 0x000000078b200000, 0x000000078b300000|  0%| F|  |TAMS 0x000000078b200000| PB 0x000000078b200000| Untracked 
| 179|0x000000078b300000, 0x000000078b300000, 0x000000078b400000|  0%| F|  |TAMS 0x000000078b300000| PB 0x000000078b300000| Untracked 
| 180|0x000000078b400000, 0x000000078b400000, 0x000000078b500000|  0%| F|  |TAMS 0x000000078b400000| PB 0x000000078b400000| Untracked 
| 181|0x000000078b500000, 0x000000078b500000, 0x000000078b600000|  0%| F|  |TAMS 0x000000078b500000| PB 0x000000078b500000| Untracked 
| 182|0x000000078b600000, 0x000000078b600000, 0x000000078b700000|  0%| F|  |TAMS 0x000000078b600000| PB 0x000000078b600000| Untracked 
| 183|0x000000078b700000, 0x000000078b700000, 0x000000078b800000|  0%| F|  |TAMS 0x000000078b700000| PB 0x000000078b700000| Untracked 
| 184|0x000000078b800000, 0x000000078b800000, 0x000000078b900000|  0%| F|  |TAMS 0x000000078b800000| PB 0x000000078b800000| Untracked 
| 185|0x000000078b900000, 0x000000078b900000, 0x000000078ba00000|  0%| F|  |TAMS 0x000000078b900000| PB 0x000000078b900000| Untracked 
| 186|0x000000078ba00000, 0x000000078ba00000, 0x000000078bb00000|  0%| F|  |TAMS 0x000000078ba00000| PB 0x000000078ba00000| Untracked 
| 187|0x000000078bb00000, 0x000000078bb00000, 0x000000078bc00000|  0%| F|  |TAMS 0x000000078bb00000| PB 0x000000078bb00000| Untracked 
| 188|0x000000078bc00000, 0x000000078bc00000, 0x000000078bd00000|  0%| F|  |TAMS 0x000000078bc00000| PB 0x000000078bc00000| Untracked 
| 189|0x000000078bd00000, 0x000000078bd00000, 0x000000078be00000|  0%| F|  |TAMS 0x000000078bd00000| PB 0x000000078bd00000| Untracked 
| 190|0x000000078be00000, 0x000000078be00000, 0x000000078bf00000|  0%| F|  |TAMS 0x000000078be00000| PB 0x000000078be00000| Untracked 
| 191|0x000000078bf00000, 0x000000078bf00000, 0x000000078c000000|  0%| F|  |TAMS 0x000000078bf00000| PB 0x000000078bf00000| Untracked 
| 192|0x000000078c000000, 0x000000078c000000, 0x000000078c100000|  0%| F|  |TAMS 0x000000078c000000| PB 0x000000078c000000| Untracked 
| 193|0x000000078c100000, 0x000000078c100000, 0x000000078c200000|  0%| F|  |TAMS 0x000000078c100000| PB 0x000000078c100000| Untracked 
| 194|0x000000078c200000, 0x000000078c200000, 0x000000078c300000|  0%| F|  |TAMS 0x000000078c200000| PB 0x000000078c200000| Untracked 
| 195|0x000000078c300000, 0x000000078c300000, 0x000000078c400000|  0%| F|  |TAMS 0x000000078c300000| PB 0x000000078c300000| Untracked 
| 196|0x000000078c400000, 0x000000078c400000, 0x000000078c500000|  0%| F|  |TAMS 0x000000078c400000| PB 0x000000078c400000| Untracked 
| 197|0x000000078c500000, 0x000000078c500000, 0x000000078c600000|  0%| F|  |TAMS 0x000000078c500000| PB 0x000000078c500000| Untracked 
| 198|0x000000078c600000, 0x000000078c600000, 0x000000078c700000|  0%| F|  |TAMS 0x000000078c600000| PB 0x000000078c600000| Untracked 
| 199|0x000000078c700000, 0x000000078c700000, 0x000000078c800000|  0%| F|  |TAMS 0x000000078c700000| PB 0x000000078c700000| Untracked 
| 200|0x000000078c800000, 0x000000078c800000, 0x000000078c900000|  0%| F|  |TAMS 0x000000078c800000| PB 0x000000078c800000| Untracked 
| 201|0x000000078c900000, 0x000000078c900000, 0x000000078ca00000|  0%| F|  |TAMS 0x000000078c900000| PB 0x000000078c900000| Untracked 
| 202|0x000000078ca00000, 0x000000078ca00000, 0x000000078cb00000|  0%| F|  |TAMS 0x000000078ca00000| PB 0x000000078ca00000| Untracked 
| 203|0x000000078cb00000, 0x000000078cb00000, 0x000000078cc00000|  0%| F|  |TAMS 0x000000078cb00000| PB 0x000000078cb00000| Untracked 
| 204|0x000000078cc00000, 0x000000078cc00000, 0x000000078cd00000|  0%| F|  |TAMS 0x000000078cc00000| PB 0x000000078cc00000| Untracked 
| 205|0x000000078cd00000, 0x000000078cd00000, 0x000000078ce00000|  0%| F|  |TAMS 0x000000078cd00000| PB 0x000000078cd00000| Untracked 
| 206|0x000000078ce00000, 0x000000078ce00000, 0x000000078cf00000|  0%| F|  |TAMS 0x000000078ce00000| PB 0x000000078ce00000| Untracked 
| 207|0x000000078cf00000, 0x000000078cf00000, 0x000000078d000000|  0%| F|  |TAMS 0x000000078cf00000| PB 0x000000078cf00000| Untracked 
| 208|0x000000078d000000, 0x000000078d000000, 0x000000078d100000|  0%| F|  |TAMS 0x000000078d000000| PB 0x000000078d000000| Untracked 
| 209|0x000000078d100000, 0x000000078d100000, 0x000000078d200000|  0%| F|  |TAMS 0x000000078d100000| PB 0x000000078d100000| Untracked 
| 210|0x000000078d200000, 0x000000078d200000, 0x000000078d300000|  0%| F|  |TAMS 0x000000078d200000| PB 0x000000078d200000| Untracked 
| 211|0x000000078d300000, 0x000000078d300000, 0x000000078d400000|  0%| F|  |TAMS 0x000000078d300000| PB 0x000000078d300000| Untracked 
| 212|0x000000078d400000, 0x000000078d400000, 0x000000078d500000|  0%| F|  |TAMS 0x000000078d400000| PB 0x000000078d400000| Untracked 
| 213|0x000000078d500000, 0x000000078d500000, 0x000000078d600000|  0%| F|  |TAMS 0x000000078d500000| PB 0x000000078d500000| Untracked 
| 214|0x000000078d600000, 0x000000078d600000, 0x000000078d700000|  0%| F|  |TAMS 0x000000078d600000| PB 0x000000078d600000| Untracked 
| 215|0x000000078d700000, 0x000000078d700000, 0x000000078d800000|  0%| F|  |TAMS 0x000000078d700000| PB 0x000000078d700000| Untracked 
| 216|0x000000078d800000, 0x000000078d800000, 0x000000078d900000|  0%| F|  |TAMS 0x000000078d800000| PB 0x000000078d800000| Untracked 
| 217|0x000000078d900000, 0x000000078d900000, 0x000000078da00000|  0%| F|  |TAMS 0x000000078d900000| PB 0x000000078d900000| Untracked 
| 218|0x000000078da00000, 0x000000078da00000, 0x000000078db00000|  0%| F|  |TAMS 0x000000078da00000| PB 0x000000078da00000| Untracked 
| 219|0x000000078db00000, 0x000000078db00000, 0x000000078dc00000|  0%| F|  |TAMS 0x000000078db00000| PB 0x000000078db00000| Untracked 
| 220|0x000000078dc00000, 0x000000078dc00000, 0x000000078dd00000|  0%| F|  |TAMS 0x000000078dc00000| PB 0x000000078dc00000| Untracked 
| 221|0x000000078dd00000, 0x000000078dd00000, 0x000000078de00000|  0%| F|  |TAMS 0x000000078dd00000| PB 0x000000078dd00000| Untracked 
| 222|0x000000078de00000, 0x000000078de00000, 0x000000078df00000|  0%| F|  |TAMS 0x000000078de00000| PB 0x000000078de00000| Untracked 
| 223|0x000000078df00000, 0x000000078df00000, 0x000000078e000000|  0%| F|  |TAMS 0x000000078df00000| PB 0x000000078df00000| Untracked 
| 224|0x000000078e000000, 0x000000078e000000, 0x000000078e100000|  0%| F|  |TAMS 0x000000078e000000| PB 0x000000078e000000| Untracked 
| 225|0x000000078e100000, 0x000000078e100000, 0x000000078e200000|  0%| F|  |TAMS 0x000000078e100000| PB 0x000000078e100000| Untracked 
| 226|0x000000078e200000, 0x000000078e200000, 0x000000078e300000|  0%| F|  |TAMS 0x000000078e200000| PB 0x000000078e200000| Untracked 
| 227|0x000000078e300000, 0x000000078e300000, 0x000000078e400000|  0%| F|  |TAMS 0x000000078e300000| PB 0x000000078e300000| Untracked 
| 228|0x000000078e400000, 0x000000078e400000, 0x000000078e500000|  0%| F|  |TAMS 0x000000078e400000| PB 0x000000078e400000| Untracked 
| 229|0x000000078e500000, 0x000000078e500000, 0x000000078e600000|  0%| F|  |TAMS 0x000000078e500000| PB 0x000000078e500000| Untracked 
| 230|0x000000078e600000, 0x000000078e600000, 0x000000078e700000|  0%| F|  |TAMS 0x000000078e600000| PB 0x000000078e600000| Untracked 
| 231|0x000000078e700000, 0x000000078e700000, 0x000000078e800000|  0%| F|  |TAMS 0x000000078e700000| PB 0x000000078e700000| Untracked 
| 232|0x000000078e800000, 0x000000078e800000, 0x000000078e900000|  0%| F|  |TAMS 0x000000078e800000| PB 0x000000078e800000| Untracked 
| 233|0x000000078e900000, 0x000000078e900000, 0x000000078ea00000|  0%| F|  |TAMS 0x000000078e900000| PB 0x000000078e900000| Untracked 
| 234|0x000000078ea00000, 0x000000078ea00000, 0x000000078eb00000|  0%| F|  |TAMS 0x000000078ea00000| PB 0x000000078ea00000| Untracked 
| 235|0x000000078eb00000, 0x000000078eb00000, 0x000000078ec00000|  0%| F|  |TAMS 0x000000078eb00000| PB 0x000000078eb00000| Untracked 
| 236|0x000000078ec00000, 0x000000078ec00000, 0x000000078ed00000|  0%| F|  |TAMS 0x000000078ec00000| PB 0x000000078ec00000| Untracked 
| 237|0x000000078ed00000, 0x000000078ed00000, 0x000000078ee00000|  0%| F|  |TAMS 0x000000078ed00000| PB 0x000000078ed00000| Untracked 
| 238|0x000000078ee00000, 0x000000078ee00000, 0x000000078ef00000|  0%| F|  |TAMS 0x000000078ee00000| PB 0x000000078ee00000| Untracked 
| 239|0x000000078ef00000, 0x000000078ef00000, 0x000000078f000000|  0%| F|  |TAMS 0x000000078ef00000| PB 0x000000078ef00000| Untracked 
| 240|0x000000078f000000, 0x000000078f000000, 0x000000078f100000|  0%| F|  |TAMS 0x000000078f000000| PB 0x000000078f000000| Untracked 
| 254|0x000000078fe00000, 0x000000078fe00000, 0x000000078ff00000|  0%| F|  |TAMS 0x000000078fe00000| PB 0x000000078fe00000| Untracked 
| 255|0x000000078ff00000, 0x000000078ff00000, 0x0000000790000000|  0%| F|  |TAMS 0x000000078ff00000| PB 0x000000078ff00000| Untracked 
|2029|0x00000007fed00000, 0x00000007fed00000, 0x00000007fee00000|  0%| F|  |TAMS 0x00000007fed00000| PB 0x00000007fed00000| Untracked 
|2030|0x00000007fee00000, 0x00000007fee00000, 0x00000007fef00000|  0%| F|  |TAMS 0x00000007fee00000| PB 0x00000007fee00000| Untracked 
|2031|0x00000007fef00000, 0x00000007fef48378, 0x00000007ff000000| 28%| E|  |TAMS 0x00000007fef00000| PB 0x00000007fef00000| Complete 
|2032|0x00000007ff000000, 0x00000007ff100000, 0x00000007ff100000|100%| E|CS|TAMS 0x00000007ff000000| PB 0x00000007ff000000| Complete 
|2033|0x00000007ff100000, 0x00000007ff200000, 0x00000007ff200000|100%| E|CS|TAMS 0x00000007ff100000| PB 0x00000007ff100000| Complete 
|2034|0x00000007ff200000, 0x00000007ff300000, 0x00000007ff300000|100%| E|CS|TAMS 0x00000007ff200000| PB 0x00000007ff200000| Complete 
|2035|0x00000007ff300000, 0x00000007ff400000, 0x00000007ff400000|100%| E|CS|TAMS 0x00000007ff300000| PB 0x00000007ff300000| Complete 
|2036|0x00000007ff400000, 0x00000007ff500000, 0x00000007ff500000|100%| E|CS|TAMS 0x00000007ff400000| PB 0x00000007ff400000| Complete 
|2037|0x00000007ff500000, 0x00000007ff600000, 0x00000007ff600000|100%| E|CS|TAMS 0x00000007ff500000| PB 0x00000007ff500000| Complete 
|2038|0x00000007ff600000, 0x00000007ff700000, 0x00000007ff700000|100%| E|CS|TAMS 0x00000007ff600000| PB 0x00000007ff600000| Complete 
|2039|0x00000007ff700000, 0x00000007ff800000, 0x00000007ff800000|100%| E|CS|TAMS 0x00000007ff700000| PB 0x00000007ff700000| Complete 
|2040|0x00000007ff800000, 0x00000007ff900000, 0x00000007ff900000|100%| O|  |TAMS 0x00000007ff800000| PB 0x00000007ff800000| Untracked 
|2041|0x00000007ff900000, 0x00000007ffa00000, 0x00000007ffa00000|100%| O|  |TAMS 0x00000007ff900000| PB 0x00000007ff900000| Untracked 
|2042|0x00000007ffa00000, 0x00000007ffb00000, 0x00000007ffb00000|100%| E|CS|TAMS 0x00000007ffa00000| PB 0x00000007ffa00000| Complete 
|2043|0x00000007ffb00000, 0x00000007ffc00000, 0x00000007ffc00000|100%| O|  |TAMS 0x00000007ffb00000| PB 0x00000007ffb00000| Untracked 
|2044|0x00000007ffc00000, 0x00000007ffd00000, 0x00000007ffd00000|100%| O|  |TAMS 0x00000007ffc00000| PB 0x00000007ffc00000| Untracked 
|2045|0x00000007ffd00000, 0x00000007ffe00000, 0x00000007ffe00000|100%| O|  |TAMS 0x00000007ffd00000| PB 0x00000007ffd00000| Untracked 
|2046|0x00000007ffe00000, 0x00000007fff00000, 0x00000007fff00000|100%| O|  |TAMS 0x00000007ffe00000| PB 0x00000007ffe00000| Untracked 
|2047|0x00000007fff00000, 0x0000000800000000, 0x0000000800000000|100%| O|  |TAMS 0x00000007fff00000| PB 0x00000007fff00000| Untracked 

Card table byte_map: [0x0000000101688000,0x0000000101a88000] _byte_map_base: 0x00000000fda88000

Marking Bits: (CMBitMap*) 0x000000014b83ea10
 Bits: [0x00000001152bc000, 0x00000001172bc000)

Polling page: 0x0000000100ea8000

Metaspace:

Usage:
  Non-class:    154.28 MB used.
      Class:     23.64 MB used.
       Both:    177.92 MB used.

Virtual space:
  Non-class space:      192.00 MB reserved,     155.50 MB ( 81%) committed,  3 nodes.
      Class space:        1.00 GB reserved,      24.81 MB (  2%) committed,  1 nodes.
             Both:        1.19 GB reserved,     180.31 MB ( 15%) committed. 

Chunk freelists:
   Non-Class:  4.26 MB
       Class:  7.10 MB
        Both:  11.36 MB

MaxMetaspaceSize: unlimited
CompressedClassSpaceSize: 1.00 GB
Initial GC threshold: 21.00 MB
Current GC threshold: 288.38 MB
CDS: off
 - commit_granule_bytes: 65536.
 - commit_granule_words: 8192.
 - virtual_space_node_default_size: 8388608.
 - enlarge_chunks_in_place: 1.
 - use_allocation_guard: 0.


Internal statistics:

num_allocs_failed_limit: 6.
num_arena_births: 4750.
num_arena_deaths: 0.
num_vsnodes_births: 4.
num_vsnodes_deaths: 0.
num_space_committed: 2882.
num_space_uncommitted: 0.
num_chunks_returned_to_freelist: 6.
num_chunks_taken_from_freelist: 11856.
num_chunk_merges: 3.
num_chunk_splits: 8375.
num_chunks_enlarged: 5932.
num_inconsistent_stats: 0.

CodeHeap 'non-profiled nmethods': size=120032Kb used=7750Kb max_used=7750Kb free=112281Kb
 bounds [0x000000010dd84000, 0x000000010e524000, 0x00000001152bc000]
CodeHeap 'profiled nmethods': size=120016Kb used=30304Kb max_used=30304Kb free=89711Kb
 bounds [0x00000001062bc000, 0x000000010805c000, 0x000000010d7f0000]
CodeHeap 'non-nmethods': size=5712Kb used=2011Kb max_used=2109Kb free=3700Kb
 bounds [0x000000010d7f0000, 0x000000010da60000, 0x000000010dd84000]
CodeCache: size=245760Kb, used=40065Kb, max_used=40163Kb, free=205692Kb
 total_blobs=15309, nmethods=14145, adapters=1070, full_count=0
Compilation: enabled, stopped_count=0, restarted_count=0

Compilation events (20 events):
Event: 460.554 Thread 0x000000012d00a400 nmethod 17094 0x000000010e511b10 code [0x000000010e511cc0, 0x000000010e511e50]
Event: 462.024 Thread 0x000000012d00a400 17095       4       java.util.concurrent.locks.AbstractQueuedSynchronizer$ConditionObject::doSignal (62 bytes)
Event: 462.034 Thread 0x000000012d00a400 nmethod 17095 0x000000010e511f90 code [0x000000010e512140, 0x000000010e512790]
Event: 463.052 Thread 0x000000012d00a400 17096   !   4       sun.security.ssl.SSLSocketInputRecord::readFully (75 bytes)
Event: 463.056 Thread 0x000000012d00a400 nmethod 17096 0x000000010e512990 code [0x000000010e512b40, 0x000000010e512e48]
Event: 470.554 Thread 0x000000015c819c00 17097       1       org.gradle.cache.internal.filelock.DefaultLockOptions::isUseCrossVersionImplementation (5 bytes)
Event: 470.554 Thread 0x000000015c819c00 nmethod 17097 0x000000010e513110 code [0x000000010e513280, 0x000000010e513328]
Event: 500.553 Thread 0x000000015c819c00 17098       3       org.gradle.internal.serialize.AbstractDecoder::readSmallInt (5 bytes)
Event: 500.554 Thread 0x000000015c819c00 nmethod 17098 0x0000000108051c90 code [0x0000000108051e40, 0x0000000108052048]
Event: 520.721 Thread 0x000000012d00a400 17099       4       java.net.URI::defineString (293 bytes)
Event: 520.722 Thread 0x000000012d00a400 nmethod 17099 0x000000010e513410 code [0x000000010e513580, 0x000000010e513630]
Event: 522.427 Thread 0x000000012d00a400 17100       4       java.io.ObjectOutputStream$HandleTable::growEntries (58 bytes)
Event: 522.430 Thread 0x000000012d00a400 nmethod 17100 0x000000010e513710 code [0x000000010e5138c0, 0x000000010e513ea0]
Event: 525.244 Thread 0x000000015c819c00 17101       3       java.lang.Thread::onSpinWait (1 bytes)
Event: 525.244 Thread 0x000000015c819c00 nmethod 17101 0x0000000108052110 code [0x0000000108052280, 0x0000000108052358]
Event: 525.245 Thread 0x000000012d00a400 17102       4       org.gradle.internal.logging.text.AbstractLineChoppingStyledTextOutput::access$900 (4 bytes)
Event: 525.245 Thread 0x000000012d00a400 nmethod 17102 0x000000010e514010 code [0x000000010e514180, 0x000000010e5141f8]
Event: 525.245 Thread 0x000000012d00a400 17103       4       org.gradle.internal.logging.text.AbstractLineChoppingStyledTextOutput$1::execute (9 bytes)
Event: 525.247 Thread 0x000000015c819c00 17104   !   3       java.io.RandomAccessFile::setLength (219 bytes)
Event: 525.248 Thread 0x000000015c819c00 nmethod 17104 0x0000000108052410 code [0x00000001080527c0, 0x00000001080534e0]

GC Heap History (20 events):
Event: 6.476 GC heap before
{Heap before GC invocations=38 (full 0):
 garbage-first heap   total 268288K, used 196601K [0x0000000780000000, 0x0000000800000000)
  region size 1024K, 40 young (40960K), 4 survivors (4096K)
 Metaspace       used 145121K, committed 147200K, reserved 1179648K
  class space    used 19227K, committed 20224K, reserved 1048576K
}
Event: 6.479 GC heap after
{Heap after GC invocations=39 (full 0):
 garbage-first heap   total 268288K, used 163514K [0x0000000780000000, 0x0000000800000000)
  region size 1024K, 4 young (4096K), 4 survivors (4096K)
 Metaspace       used 145121K, committed 147200K, reserved 1179648K
  class space    used 19227K, committed 20224K, reserved 1048576K
}
Event: 6.602 GC heap before
{Heap before GC invocations=39 (full 0):
 garbage-first heap   total 268288K, used 232122K [0x0000000780000000, 0x0000000800000000)
  region size 1024K, 72 young (73728K), 4 survivors (4096K)
 Metaspace       used 145703K, committed 147776K, reserved 1179648K
  class space    used 19247K, committed 20224K, reserved 1048576K
}
Event: 6.606 GC heap after
{Heap after GC invocations=40 (full 0):
 garbage-first heap   total 268288K, used 149184K [0x0000000780000000, 0x0000000800000000)
  region size 1024K, 7 young (7168K), 7 survivors (7168K)
 Metaspace       used 145703K, committed 147776K, reserved 1179648K
  class space    used 19247K, committed 20224K, reserved 1048576K
}
Event: 6.659 GC heap before
{Heap before GC invocations=40 (full 0):
 garbage-first heap   total 268288K, used 187072K [0x0000000780000000, 0x0000000800000000)
  region size 1024K, 46 young (47104K), 7 survivors (7168K)
 Metaspace       used 145868K, committed 147968K, reserved 1179648K
  class space    used 19265K, committed 20224K, reserved 1048576K
}
Event: 6.661 GC heap after
{Heap after GC invocations=41 (full 0):
 garbage-first heap   total 268288K, used 151161K [0x0000000780000000, 0x0000000800000000)
  region size 1024K, 5 young (5120K), 5 survivors (5120K)
 Metaspace       used 145868K, committed 147968K, reserved 1179648K
  class space    used 19265K, committed 20224K, reserved 1048576K
}
Event: 7.028 GC heap before
{Heap before GC invocations=42 (full 0):
 garbage-first heap   total 268288K, used 224889K [0x0000000780000000, 0x0000000800000000)
  region size 1024K, 89 young (91136K), 5 survivors (5120K)
 Metaspace       used 152014K, committed 154176K, reserved 1245184K
  class space    used 19937K, committed 20992K, reserved 1048576K
}
Event: 7.030 GC heap after
{Heap after GC invocations=43 (full 0):
 garbage-first heap   total 268288K, used 145389K [0x0000000780000000, 0x0000000800000000)
  region size 1024K, 12 young (12288K), 12 survivors (12288K)
 Metaspace       used 152014K, committed 154176K, reserved 1245184K
  class space    used 19937K, committed 20992K, reserved 1048576K
}
Event: 7.333 GC heap before
{Heap before GC invocations=43 (full 0):
 garbage-first heap   total 268288K, used 239597K [0x0000000780000000, 0x0000000800000000)
  region size 1024K, 101 young (103424K), 12 survivors (12288K)
 Metaspace       used 158804K, committed 161088K, reserved 1245184K
  class space    used 20915K, committed 22016K, reserved 1048576K
}
Event: 7.336 GC heap after
{Heap after GC invocations=44 (full 0):
 garbage-first heap   total 268288K, used 131374K [0x0000000780000000, 0x0000000800000000)
  region size 1024K, 7 young (7168K), 7 survivors (7168K)
 Metaspace       used 158804K, committed 161088K, reserved 1245184K
  class space    used 20915K, committed 22016K, reserved 1048576K
}
Event: 7.337 GC heap before
{Heap before GC invocations=44 (full 0):
 garbage-first heap   total 268288K, used 131374K [0x0000000780000000, 0x0000000800000000)
  region size 1024K, 8 young (8192K), 7 survivors (7168K)
 Metaspace       used 158804K, committed 161088K, reserved 1245184K
  class space    used 20915K, committed 22016K, reserved 1048576K
}
Event: 7.338 GC heap after
{Heap after GC invocations=45 (full 0):
 garbage-first heap   total 268288K, used 131841K [0x0000000780000000, 0x0000000800000000)
  region size 1024K, 7 young (7168K), 7 survivors (7168K)
 Metaspace       used 158804K, committed 161088K, reserved 1245184K
  class space    used 20915K, committed 22016K, reserved 1048576K
}
Event: 7.588 GC heap before
{Heap before GC invocations=46 (full 0):
 garbage-first heap   total 268288K, used 218881K [0x0000000780000000, 0x0000000800000000)
  region size 1024K, 88 young (90112K), 7 survivors (7168K)
 Metaspace       used 163360K, committed 165696K, reserved 1245184K
  class space    used 21550K, committed 22656K, reserved 1048576K
}
Event: 7.591 GC heap after
{Heap after GC invocations=47 (full 0):
 garbage-first heap   total 268288K, used 135331K [0x0000000780000000, 0x0000000800000000)
  region size 1024K, 5 young (5120K), 5 survivors (5120K)
 Metaspace       used 163360K, committed 165696K, reserved 1245184K
  class space    used 21550K, committed 22656K, reserved 1048576K
}
Event: 7.855 GC heap before
{Heap before GC invocations=47 (full 0):
 garbage-first heap   total 268288K, used 222371K [0x0000000780000000, 0x0000000800000000)
  region size 1024K, 90 young (92160K), 5 survivors (5120K)
 Metaspace       used 168918K, committed 171264K, reserved 1245184K
  class space    used 22401K, committed 23552K, reserved 1048576K
}
Event: 7.858 GC heap after
{Heap after GC invocations=48 (full 0):
 garbage-first heap   total 268288K, used 135675K [0x0000000780000000, 0x0000000800000000)
  region size 1024K, 8 young (8192K), 8 survivors (8192K)
 Metaspace       used 168918K, committed 171264K, reserved 1245184K
  class space    used 22401K, committed 23552K, reserved 1048576K
}
Event: 8.103 GC heap before
{Heap before GC invocations=48 (full 0):
 garbage-first heap   total 268288K, used 216571K [0x0000000780000000, 0x0000000800000000)
  region size 1024K, 89 young (91136K), 8 survivors (8192K)
 Metaspace       used 174148K, committed 176576K, reserved 1245184K
  class space    used 23269K, committed 24448K, reserved 1048576K
}
Event: 8.106 GC heap after
{Heap after GC invocations=49 (full 0):
 garbage-first heap   total 268288K, used 139176K [0x0000000780000000, 0x0000000800000000)
  region size 1024K, 11 young (11264K), 11 survivors (11264K)
 Metaspace       used 174148K, committed 176576K, reserved 1245184K
  class space    used 23269K, committed 24448K, reserved 1048576K
}
Event: 390.250 GC heap before
{Heap before GC invocations=50 (full 0):
 garbage-first heap   total 268288K, used 242600K [0x0000000780000000, 0x0000000800000000)
  region size 1024K, 103 young (105472K), 11 survivors (11264K)
 Metaspace       used 182180K, committed 184640K, reserved 1245184K
  class space    used 24206K, committed 25408K, reserved 1048576K
}
Event: 390.288 GC heap after
{Heap after GC invocations=51 (full 0):
 garbage-first heap   total 268288K, used 145948K [0x0000000780000000, 0x0000000800000000)
  region size 1024K, 13 young (13312K), 13 survivors (13312K)
 Metaspace       used 182180K, committed 184640K, reserved 1245184K
  class space    used 24206K, committed 25408K, reserved 1048576K
}

Dll operation events (13 events):
Event: 0.012 Loaded shared library /Volumes/Extreme 2TB/Applications/Android Studio.app/Contents/jbr/Contents/Home/lib/libjava.dylib
Event: 0.014 Loaded shared library /Volumes/Extreme 2TB/Applications/Android Studio.app/Contents/jbr/Contents/Home/lib/libzip.dylib
Event: 0.098 Loaded shared library /Volumes/Extreme 2TB/Applications/Android Studio.app/Contents/jbr/Contents/Home/lib/libnio.dylib
Event: 0.102 Loaded shared library /Volumes/Extreme 2TB/Applications/Android Studio.app/Contents/jbr/Contents/Home/lib/libinstrument.dylib
Event: 0.106 Loaded shared library /Volumes/Extreme 2TB/Applications/Android Studio.app/Contents/jbr/Contents/Home/lib/libzip.dylib
Event: 0.136 Loaded shared library /Volumes/Extreme 2TB/Applications/Android Studio.app/Contents/jbr/Contents/Home/lib/libnet.dylib
Event: 0.161 Loaded shared library /Volumes/Extreme 2TB/Applications/Android Studio.app/Contents/jbr/Contents/Home/lib/libjimage.dylib
Event: 0.228 Loaded shared library /Volumes/Extreme 2TB/Applications/Android Studio.app/Contents/jbr/Contents/Home/lib/libverify.dylib
Event: 0.237 Loaded shared library /Users/ritvikbansal/.gradle/native/660c5614fbf4a5f2a75b1949f50a0caf5cd603558e7d8a26e50b933a0cfb79d1/osx-aarch64/libnative-platform.dylib
Event: 0.249 Loaded shared library /Users/ritvikbansal/.gradle/native/0.2.8/aarch64-macos/libgradle-fileevents.dylib
Event: 0.444 Loaded shared library /Volumes/Extreme 2TB/Applications/Android Studio.app/Contents/jbr/Contents/Home/lib/libmanagement.dylib
Event: 0.447 Loaded shared library /Volumes/Extreme 2TB/Applications/Android Studio.app/Contents/jbr/Contents/Home/lib/libmanagement_ext.dylib
Event: 0.486 Loaded shared library /Volumes/Extreme 2TB/Applications/Android Studio.app/Contents/jbr/Contents/Home/lib/libextnet.dylib

Deoptimization events (20 events):
Event: 525.244 Thread 0x00000001199c7400 Uncommon trap: trap_request=0xffffff45 fr.pc=0x000000010e3dc5f0 relative=0x00000000000000b0
Event: 525.244 Thread 0x00000001199c7400 Uncommon trap: reason=unstable_if action=reinterpret pc=0x000000010e3dc5f0 method=org.gradle.internal.logging.slf4j.OutputEventListenerBackedLogger.isLevelAtMost(Lorg/gradle/api/logging/LogLevel;)Z @ 11 c2
Event: 525.244 Thread 0x00000001199c7400 DEOPT PACKING pc=0x000000010e3dc5f0 sp=0x00000001728ca380
Event: 525.244 Thread 0x00000001199c7400 DEOPT UNPACKING pc=0x000000010d83301c sp=0x00000001728ca320 mode 2
Event: 525.244 Thread 0x00000001199c7400 Uncommon trap: trap_request=0xffffffde fr.pc=0x000000010e4d26b0 relative=0x0000000000003fb0
Event: 525.244 Thread 0x00000001199c7400 Uncommon trap: reason=class_check action=maybe_recompile pc=0x000000010e4d26b0 method=org.gradle.internal.logging.sink.OutputEventTransformer.onOutput(Lorg/gradle/internal/logging/events/OutputEvent;)V @ 272 c2
Event: 525.244 Thread 0x00000001199c7400 DEOPT PACKING pc=0x000000010e4d26b0 sp=0x00000001728ca130
Event: 525.244 Thread 0x00000001199c7400 DEOPT UNPACKING pc=0x000000010d83301c sp=0x00000001728ca100 mode 2
Event: 525.244 Thread 0x00000001199c7400 Uncommon trap: trap_request=0xffffff45 fr.pc=0x000000010e4f4d50 relative=0x0000000000000110
Event: 525.244 Thread 0x00000001199c7400 Uncommon trap: reason=unstable_if action=reinterpret pc=0x000000010e4f4d50 method=org.gradle.internal.logging.console.StyledTextOutputBackedRenderer.onOutput(Lorg/gradle/internal/logging/events/OutputEvent;)V @ 61 c2
Event: 525.244 Thread 0x00000001199c7400 DEOPT PACKING pc=0x000000010e4f4d50 sp=0x00000001728c9bf0
Event: 525.244 Thread 0x00000001199c7400 DEOPT UNPACKING pc=0x000000010d83301c sp=0x00000001728c99f0 mode 2
Event: 525.245 Thread 0x00000001199c7400 Uncommon trap: trap_request=0xffffff45 fr.pc=0x000000010e4d6a74 relative=0x0000000000000234
Event: 525.245 Thread 0x00000001199c7400 Uncommon trap: reason=unstable_if action=reinterpret pc=0x000000010e4d6a74 method=org.gradle.internal.operations.logging.LoggingBuildOperationProgressBroadcaster.onOutput(Lorg/gradle/internal/logging/events/OutputEvent;)V @ 4 c2
Event: 525.245 Thread 0x00000001199c7400 DEOPT PACKING pc=0x000000010e4d6a74 sp=0x00000001728ca1c0
Event: 525.245 Thread 0x00000001199c7400 DEOPT UNPACKING pc=0x000000010d83301c sp=0x00000001728ca0f0 mode 2
Event: 525.245 Thread 0x00000001199c7400 Uncommon trap: trap_request=0xffffff45 fr.pc=0x000000010e4c69b0 relative=0x00000000000000f0
Event: 525.245 Thread 0x00000001199c7400 Uncommon trap: reason=unstable_if action=reinterpret pc=0x000000010e4c69b0 method=org.gradle.internal.operations.DefaultBuildOperationListenerManager$ProgressShieldingBuildOperationListener.progress(Lorg/gradle/internal/operations/OperationIdentifier;Lorg
Event: 525.245 Thread 0x00000001199c7400 DEOPT PACKING pc=0x000000010e4c69b0 sp=0x00000001728c9f00
Event: 525.245 Thread 0x00000001199c7400 DEOPT UNPACKING pc=0x000000010d83301c sp=0x00000001728c9e10 mode 2

Classes loaded (20 events):
Event: 39.197 Loading class java/text/ParsePosition
Event: 39.197 Loading class java/text/ParsePosition done
Event: 39.197 Loading class java/text/CalendarBuilder
Event: 39.198 Loading class java/text/CalendarBuilder done
Event: 39.270 Loading class sun/security/ssl/Alert$AlertMessage
Event: 39.270 Loading class sun/security/ssl/Alert$AlertMessage done
Event: 39.315 Loading class sun/security/ssl/PreSharedKeyExtension$PskIdentity
Event: 39.315 Loading class sun/security/ssl/PreSharedKeyExtension$PskIdentity done
Event: 39.315 Loading class sun/security/ssl/PreSharedKeyExtension$CHPreSharedKeySpec
Event: 39.316 Loading class sun/security/ssl/PreSharedKeyExtension$CHPreSharedKeySpec done
Event: 39.316 Loading class sun/security/ssl/PreSharedKeyExtension$PartialClientHelloMessage
Event: 39.316 Loading class sun/security/ssl/PreSharedKeyExtension$PartialClientHelloMessage done
Event: 39.316 Loading class sun/security/ssl/SSLEngineOutputRecord
Event: 39.316 Loading class sun/security/ssl/SSLEngineOutputRecord done
Event: 39.316 Loading class sun/security/ssl/SSLEngineOutputRecord$HandshakeFragment
Event: 39.317 Loading class sun/security/ssl/SSLEngineOutputRecord$HandshakeFragment done
Event: 39.317 Loading class sun/security/ssl/SSLEngineOutputRecord$HandshakeMemo
Event: 39.317 Loading class sun/security/ssl/SSLEngineOutputRecord$RecordMemo
Event: 39.317 Loading class sun/security/ssl/SSLEngineOutputRecord$RecordMemo done
Event: 39.317 Loading class sun/security/ssl/SSLEngineOutputRecord$HandshakeMemo done

Classes unloaded (0 events):
No events

Classes redefined (0 events):
No events

Internal exceptions (20 events):
Event: 350.554 Thread 0x000000012e018200 Exception <a 'sun/nio/fs/UnixException'{0x0000000789c80a88}> (0x0000000789c80a88) 
thrown [src/hotspot/share/prims/jni.cpp, line 537]
Event: 360.554 Thread 0x000000012e018200 Exception <a 'sun/nio/fs/UnixException'{0x0000000789c86a98}> (0x0000000789c86a98) 
thrown [src/hotspot/share/prims/jni.cpp, line 537]
Event: 370.554 Thread 0x000000012e018200 Exception <a 'sun/nio/fs/UnixException'{0x0000000789c8caa8}> (0x0000000789c8caa8) 
thrown [src/hotspot/share/prims/jni.cpp, line 537]
Event: 380.554 Thread 0x000000012e018200 Exception <a 'sun/nio/fs/UnixException'{0x0000000789c92ab8}> (0x0000000789c92ab8) 
thrown [src/hotspot/share/prims/jni.cpp, line 537]
Event: 390.554 Thread 0x000000012e018200 Exception <a 'sun/nio/fs/UnixException'{0x00000007ffaa4b70}> (0x00000007ffaa4b70) 
thrown [src/hotspot/share/prims/jni.cpp, line 537]
Event: 400.554 Thread 0x000000012e018200 Exception <a 'sun/nio/fs/UnixException'{0x00000007ffaaab80}> (0x00000007ffaaab80) 
thrown [src/hotspot/share/prims/jni.cpp, line 537]
Event: 410.553 Thread 0x000000012e018200 Exception <a 'sun/nio/fs/UnixException'{0x00000007ffab0b90}> (0x00000007ffab0b90) 
thrown [src/hotspot/share/prims/jni.cpp, line 537]
Event: 420.554 Thread 0x000000012e018200 Exception <a 'sun/nio/fs/UnixException'{0x00000007ffab6ba0}> (0x00000007ffab6ba0) 
thrown [src/hotspot/share/prims/jni.cpp, line 537]
Event: 430.553 Thread 0x000000012e018200 Exception <a 'sun/nio/fs/UnixException'{0x00000007ffabcbb0}> (0x00000007ffabcbb0) 
thrown [src/hotspot/share/prims/jni.cpp, line 537]
Event: 440.553 Thread 0x000000012e018200 Exception <a 'sun/nio/fs/UnixException'{0x00000007ffac2bc0}> (0x00000007ffac2bc0) 
thrown [src/hotspot/share/prims/jni.cpp, line 537]
Event: 450.554 Thread 0x000000012e018200 Exception <a 'sun/nio/fs/UnixException'{0x00000007ffac8bd0}> (0x00000007ffac8bd0) 
thrown [src/hotspot/share/prims/jni.cpp, line 537]
Event: 460.553 Thread 0x000000012e018200 Exception <a 'sun/nio/fs/UnixException'{0x00000007ffacebe0}> (0x00000007ffacebe0) 
thrown [src/hotspot/share/prims/jni.cpp, line 537]
Event: 470.554 Thread 0x000000012e018200 Exception <a 'sun/nio/fs/UnixException'{0x00000007ffad4bf0}> (0x00000007ffad4bf0) 
thrown [src/hotspot/share/prims/jni.cpp, line 537]
Event: 480.554 Thread 0x000000012e018200 Exception <a 'sun/nio/fs/UnixException'{0x00000007ffadac00}> (0x00000007ffadac00) 
thrown [src/hotspot/share/prims/jni.cpp, line 537]
Event: 490.554 Thread 0x000000012e018200 Exception <a 'sun/nio/fs/UnixException'{0x00000007ffae0c10}> (0x00000007ffae0c10) 
thrown [src/hotspot/share/prims/jni.cpp, line 537]
Event: 500.553 Thread 0x000000012e018200 Exception <a 'sun/nio/fs/UnixException'{0x00000007ffae6c20}> (0x00000007ffae6c20) 
thrown [src/hotspot/share/prims/jni.cpp, line 537]
Event: 510.554 Thread 0x000000012e018200 Exception <a 'sun/nio/fs/UnixException'{0x00000007ff3cbeb0}> (0x00000007ff3cbeb0) 
thrown [src/hotspot/share/prims/jni.cpp, line 537]
Event: 520.554 Thread 0x000000012e018200 Exception <a 'sun/nio/fs/UnixException'{0x00000007ff3d1ec0}> (0x00000007ff3d1ec0) 
thrown [src/hotspot/share/prims/jni.cpp, line 537]
Event: 525.245 Thread 0x00000001199c7400 Implicit null exception at 0x000000010e4c6b20 to 0x000000010e4c698c
Event: 525.246 Thread 0x000000014b808c00 Exception <a 'sun/nio/fs/UnixException'{0x00000007ff0811f0}> (0x00000007ff0811f0) 
thrown [src/hotspot/share/prims/jni.cpp, line 537]

ZGC Phase Switch (0 events):
No events

VM Operations (20 events):
Event: 257.803 Executing safepoint VM operation: Cleanup
Event: 257.803 Executing safepoint VM operation: Cleanup done
Event: 290.928 Executing safepoint VM operation: Cleanup
Event: 290.928 Executing safepoint VM operation: Cleanup done
Event: 295.936 Executing safepoint VM operation: Cleanup
Event: 295.937 Executing safepoint VM operation: Cleanup done
Event: 312.997 Executing safepoint VM operation: Cleanup
Event: 312.997 Executing safepoint VM operation: Cleanup done
Event: 316.007 Executing safepoint VM operation: Cleanup
Event: 316.008 Executing safepoint VM operation: Cleanup done
Event: 383.236 Executing safepoint VM operation: Cleanup
Event: 383.236 Executing safepoint VM operation: Cleanup done
Event: 390.250 Executing safepoint VM operation: G1CollectForAllocation (G1 Evacuation Pause)
Event: 390.288 Executing safepoint VM operation: G1CollectForAllocation (G1 Evacuation Pause) done
Event: 392.298 Executing safepoint VM operation: Cleanup
Event: 392.298 Executing safepoint VM operation: Cleanup done
Event: 441.457 Executing safepoint VM operation: Cleanup
Event: 441.457 Executing safepoint VM operation: Cleanup done
Event: 449.480 Executing safepoint VM operation: Cleanup
Event: 449.480 Executing safepoint VM operation: Cleanup done

Memory protections (20 events):
Event: 4.464 Protecting memory [0x0000000177ab4000,0x0000000177ac0000] with protection modes 3
Event: 7.118 Protecting memory [0x0000000177ab4000,0x0000000177ac0000] with protection modes 0
Event: 8.203 Protecting memory [0x0000000177cc0000,0x0000000177ccc000] with protection modes 0
Event: 8.244 Protecting memory [0x000000032c004000,0x000000032c010000] with protection modes 0
Event: 8.268 Protecting memory [0x000000032c004000,0x000000032c010000] with protection modes 3
Event: 8.301 Protecting memory [0x000000032c004000,0x000000032c010000] with protection modes 0
Event: 8.304 Protecting memory [0x000000032c210000,0x000000032c21c000] with protection modes 0
Event: 8.304 Protecting memory [0x000000032c41c000,0x000000032c428000] with protection modes 0
Event: 8.304 Protecting memory [0x000000032c628000,0x000000032c634000] with protection modes 0
Event: 8.304 Protecting memory [0x000000032c834000,0x000000032c840000] with protection modes 0
Event: 8.304 Protecting memory [0x000000032ca40000,0x000000032ca4c000] with protection modes 0
Event: 8.304 Protecting memory [0x000000032cc4c000,0x000000032cc58000] with protection modes 0
Event: 8.304 Protecting memory [0x000000032ce58000,0x000000032ce64000] with protection modes 0
Event: 8.304 Protecting memory [0x000000032d064000,0x000000032d070000] with protection modes 0
Event: 8.304 Protecting memory [0x000000032d270000,0x000000032d27c000] with protection modes 0
Event: 8.311 Protecting memory [0x000000032d47c000,0x000000032d488000] with protection modes 0
Event: 8.332 Protecting memory [0x000000032d688000,0x000000032d694000] with protection modes 0
Event: 39.116 Protecting memory [0x000000032d894000,0x000000032d8a0000] with protection modes 0
Event: 39.841 Protecting memory [0x000000032d894000,0x000000032d8a0000] with protection modes 3
Event: 68.328 Protecting memory [0x000000032c004000,0x000000032c010000] with protection modes 3

Nmethod flushes (20 events):
Event: 8.132 Thread 0x000000015d005080 flushing  nmethod 0x00000001063edc10
Event: 8.132 Thread 0x000000015d005080 flushing  nmethod 0x000000010644f010
Event: 8.132 Thread 0x000000015d005080 flushing  nmethod 0x00000001064bcd10
Event: 8.132 Thread 0x000000015d005080 flushing  nmethod 0x0000000106598c10
Event: 8.132 Thread 0x000000015d005080 flushing  nmethod 0x00000001065db590
Event: 8.132 Thread 0x000000015d005080 flushing  nmethod 0x0000000106665c10
Event: 8.132 Thread 0x000000015d005080 flushing  nmethod 0x0000000106731490
Event: 8.132 Thread 0x000000015d005080 flushing  nmethod 0x00000001068e9690
Event: 8.132 Thread 0x000000015d005080 flushing  nmethod 0x00000001069cd410
Event: 8.132 Thread 0x000000015d005080 flushing  nmethod 0x0000000106a57a10
Event: 8.132 Thread 0x000000015d005080 flushing  nmethod 0x0000000106ad4590
Event: 8.132 Thread 0x000000015d005080 flushing  nmethod 0x0000000106b66490
Event: 8.132 Thread 0x000000015d005080 flushing  nmethod 0x0000000106ca5f90
Event: 8.132 Thread 0x000000015d005080 flushing  nmethod 0x0000000106fbea10
Event: 8.132 Thread 0x000000015d005080 flushing  nmethod 0x0000000107549a10
Event: 8.132 Thread 0x000000015d005080 flushing  nmethod 0x0000000107595e10
Event: 8.132 Thread 0x000000015d005080 flushing  nmethod 0x0000000107598790
Event: 8.132 Thread 0x000000015d005080 flushing  nmethod 0x00000001079ef890
Event: 8.132 Thread 0x000000015d005080 flushing  nmethod 0x0000000107c3cd90
Event: 8.132 Thread 0x000000015d005080 flushing  nmethod 0x0000000107ca9c90

Events (20 events):
Event: 4.464 Thread 0x0000000121b0b000 Thread exited: 0x0000000121b0b000
Event: 7.118 Thread 0x00000001199d5400 Thread added: 0x000000012192a000
Event: 8.203 Thread 0x00000001199d5400 Thread added: 0x000000015cf39a00
Event: 8.244 Thread 0x00000001199d5400 Thread added: 0x000000015cf3a200
Event: 8.268 Thread 0x000000015cf3a200 Thread exited: 0x000000015cf3a200
Event: 8.301 Thread 0x00000001199d5400 Thread added: 0x0000000119e7a400
Event: 8.304 Thread 0x0000000119e7a400 Thread added: 0x000000015cf4e200
Event: 8.304 Thread 0x0000000119e7a400 Thread added: 0x000000015cf3a200
Event: 8.304 Thread 0x0000000119e7a400 Thread added: 0x000000015cf4f000
Event: 8.304 Thread 0x0000000119e7a400 Thread added: 0x000000015cf53000
Event: 8.304 Thread 0x0000000119e7a400 Thread added: 0x000000015cf53800
Event: 8.304 Thread 0x0000000119e7a400 Thread added: 0x000000015cf54000
Event: 8.304 Thread 0x0000000119e7a400 Thread added: 0x0000000120995e00
Event: 8.304 Thread 0x0000000119e7a400 Thread added: 0x0000000120b64400
Event: 8.304 Thread 0x0000000119e7a400 Thread added: 0x0000000120987e00
Event: 8.311 Thread 0x000000015cf4e200 Thread added: 0x00000001214c6a00
Event: 8.332 Thread 0x00000001199d5400 Thread added: 0x0000000120988600
Event: 39.116 Thread 0x000000015c819c00 Thread added: 0x000000012d011200
Event: 39.841 Thread 0x000000012d011200 Thread exited: 0x000000012d011200
Event: 68.329 Thread 0x0000000119e7a400 Thread exited: 0x0000000119e7a400


Dynamic libraries:
0x0000000100e54000 	/Volumes/Extreme 2TB/Applications/Android Studio.app/Contents/jbr/Contents/Home/lib/libjli.dylib
0x00000001a22a0000 	/System/Library/Frameworks/Cocoa.framework/Versions/A/Cocoa
0x0000000186ebd000 	/System/Library/Frameworks/AppKit.framework/Versions/C/AppKit
0x000000018a4fe000 	/System/Library/Frameworks/CoreData.framework/Versions/A/CoreData
0x00000001842b2000 	/System/Library/Frameworks/Foundation.framework/Versions/C/Foundation
0x000000019285e000 	/usr/lib/libSystem.B.dylib
0x00000001885e1000 	/System/Library/PrivateFrameworks/UIFoundation.framework/Versions/A/UIFoundation
0x000000023bb5e000 	/System/Library/PrivateFrameworks/CollectionViewCore.framework/Versions/A/CollectionViewCore
0x000000018faff000 	/System/Library/PrivateFrameworks/XCTTargetBootstrap.framework/Versions/A/XCTTargetBootstrap
0x000000024e491000 	/System/Library/PrivateFrameworks/GenerativeModels.framework/Versions/A/GenerativeModels
0x0000000195276000 	/System/Library/PrivateFrameworks/InternationalSupport.framework/Versions/A/InternationalSupport
0x00000001955d2000 	/System/Library/PrivateFrameworks/UserActivity.framework/Versions/A/UserActivity
0x000000018ab8e000 	/System/Library/PrivateFrameworks/BaseBoard.framework/Versions/A/BaseBoard
0x0000000245640000 	/System/Library/PrivateFrameworks/FrontBoard.framework/Versions/A/FrontBoard
0x000000019cfe0000 	/System/Library/PrivateFrameworks/FrontBoardServices.framework/Versions/A/FrontBoardServices
0x0000000286821000 	/usr/lib/libRosetta.dylib
0x0000000279b2f000 	/System/Library/PrivateFrameworks/UIIntelligenceSupport.framework/Versions/A/UIIntelligenceSupport
0x000000022fe6b000 	/System/Library/Frameworks/SwiftUICore.framework/Versions/A/SwiftUICore
0x00000002806db000 	/System/Library/PrivateFrameworks/WritingTools.framework/Versions/A/WritingTools
0x000000027f4d2000 	/System/Library/PrivateFrameworks/WindowManagement.framework/Versions/A/WindowManagement
0x0000000183f21000 	/System/Library/Frameworks/SystemConfiguration.framework/Versions/A/SystemConfiguration
0x00000001944e1000 	/usr/lib/libspindump.dylib
0x000000018879a000 	/System/Library/Frameworks/UniformTypeIdentifiers.framework/Versions/A/UniformTypeIdentifiers
0x0000000191ab1000 	/usr/lib/libbsm.0.dylib
0x000000018d28f000 	/usr/lib/libapp_launch_measurement.dylib
0x000000018c599000 	/System/Library/PrivateFrameworks/CoreAnalytics.framework/Versions/A/CoreAnalytics
0x000000018d293000 	/System/Library/PrivateFrameworks/CoreAutoLayout.framework/Versions/A/CoreAutoLayout
0x000000018f078000 	/System/Library/Frameworks/Metal.framework/Versions/A/Metal
0x000000019043c000 	/usr/lib/liblangid.dylib
0x000000018fb05000 	/System/Library/PrivateFrameworks/CoreSVG.framework/Versions/A/CoreSVG
0x00000001891f5000 	/System/Library/PrivateFrameworks/SkyLight.framework/Versions/A/SkyLight
0x0000000245370000 	/System/Library/PrivateFrameworks/FocusEngine.framework/Versions/A/FocusEngine
0x00000001897ac000 	/System/Library/Frameworks/CoreGraphics.framework/Versions/A/CoreGraphics
0x0000000242d79000 	/System/Library/PrivateFrameworks/DesignLibrary.framework/Versions/A/DesignLibrary
0x000000019b261000 	/System/Library/Frameworks/Accelerate.framework/Versions/A/Accelerate
0x00000001942d6000 	/System/Library/PrivateFrameworks/IconServices.framework/Versions/A/IconServices
0x000000018f050000 	/System/Library/Frameworks/IOSurface.framework/Versions/A/IOSurface
0x000000018c5c9000 	/usr/lib/libDiagnosticMessagesClient.dylib
0x00000001927a8000 	/usr/lib/libz.1.dylib
0x000000019f6bc000 	/System/Library/Frameworks/ApplicationServices.framework/Versions/A/ApplicationServices
0x000000018faea000 	/System/Library/PrivateFrameworks/DFRFoundation.framework/Versions/A/DFRFoundation
0x000000018670a000 	/usr/lib/libicucore.A.dylib
0x00000001967ff000 	/System/Library/Frameworks/AudioToolbox.framework/Versions/A/AudioToolbox
0x0000000195580000 	/System/Library/PrivateFrameworks/DataDetectorsCore.framework/Versions/A/DataDetectorsCore
0x000000027aa7c000 	/System/Library/PrivateFrameworks/UpdateCycle.framework/Versions/A/UpdateCycle
0x00000001b4204000 	/System/Library/PrivateFrameworks/TextInput.framework/Versions/A/TextInput
0x0000000189139000 	/usr/lib/libMobileGestalt.dylib
0x000000018f7ee000 	/System/Library/Frameworks/Carbon.framework/Versions/A/Frameworks/HIToolbox.framework/Versions/A/HIToolbox
0x000000018caf3000 	/System/Library/Frameworks/QuartzCore.framework/Versions/A/QuartzCore
0x00000001862ea000 	/System/Library/Frameworks/Security.framework/Versions/A/Security
0x000000019abd0000 	/System/Library/Frameworks/Carbon.framework/Versions/A/Frameworks/SpeechRecognition.framework/Versions/A/SpeechRecognition
0x000000018cf5a000 	/System/Library/PrivateFrameworks/CoreUI.framework/Versions/A/CoreUI
0x0000000185b54000 	/System/Library/Frameworks/CoreAudio.framework/Versions/A/CoreAudio
0x000000018c6c4000 	/System/Library/Frameworks/DiskArbitration.framework/Versions/A/DiskArbitration
0x0000000194a7f000 	/System/Library/PrivateFrameworks/MultitouchSupport.framework/Versions/A/MultitouchSupport
0x0000000189137000 	/usr/lib/libenergytrace.dylib
0x00000001a735a000 	/System/Library/PrivateFrameworks/RenderBox.framework/Versions/A/RenderBox
0x0000000186d62000 	/System/Library/Frameworks/IOKit.framework/Versions/A/IOKit
0x000000019afe2000 	/System/Library/Frameworks/CoreServices.framework/Versions/A/CoreServices
0x000000018d216000 	/System/Library/PrivateFrameworks/PerformanceAnalysis.framework/Versions/A/PerformanceAnalysis
0x0000000228751000 	/System/Library/Frameworks/OpenGL.framework/Versions/A/OpenGL
0x000000018d2dc000 	/usr/lib/libxml2.2.dylib
0x0000000191992000 	/System/Library/PrivateFrameworks/MobileKeyBag.framework/Versions/A/MobileKeyBag
0x0000000182590000 	/usr/lib/libobjc.A.dylib
0x0000000182913000 	/usr/lib/libc++.1.dylib
0x000000019af60000 	/System/Library/Frameworks/Accessibility.framework/Versions/A/Accessibility
0x0000000189f02000 	/System/Library/Frameworks/ColorSync.framework/Versions/A/ColorSync
0x0000000182a43000 	/System/Library/Frameworks/CoreFoundation.framework/Versions/A/CoreFoundation
0x000000018fe84000 	/System/Library/Frameworks/CoreImage.framework/Versions/A/CoreImage
0x000000018592a000 	/System/Library/Frameworks/CoreText.framework/Versions/A/CoreText
0x000000022a152000 	/System/Library/Frameworks/CoreTransferable.framework/Versions/A/CoreTransferable
0x000000022a66d000 	/System/Library/Frameworks/DataDetection.framework/Versions/A/DataDetection
0x000000022a684000 	/System/Library/Frameworks/DeveloperToolsSupport.framework/Versions/A/DeveloperToolsSupport
0x000000018fb43000 	/System/Library/Frameworks/ImageIO.framework/Versions/A/ImageIO
0x0000000230dc8000 	/System/Library/Frameworks/Symbols.framework/Versions/A/Symbols
0x00000001b959a000 	/System/Library/PrivateFrameworks/AttributeGraph.framework/Versions/A/AttributeGraph
0x000000019d0ba000 	/System/Library/PrivateFrameworks/BoardServices.framework/Versions/A/BoardServices
0x00000001de8cd000 	/System/Library/PrivateFrameworks/FeatureFlags.framework/Versions/A/FeatureFlags
0x000000024e93c000 	/System/Library/PrivateFrameworks/Gestures.framework/Versions/A/Gestures
0x0000000192862000 	/System/Library/PrivateFrameworks/SoftLinking.framework/Versions/A/SoftLinking
0x00000001c82c0000 	/usr/lib/swift/libswiftAccelerate.dylib
0x00000001be400000 	/usr/lib/swift/libswiftCompression.dylib
0x0000000196153000 	/usr/lib/swift/libswiftCore.dylib
0x00000001b041c000 	/usr/lib/swift/libswiftCoreFoundation.dylib
0x00000001b047c000 	/usr/lib/swift/libswiftCoreImage.dylib
0x000000019cd59000 	/usr/lib/swift/libswiftDispatch.dylib
0x00000001b047d000 	/usr/lib/swift/libswiftIOKit.dylib
0x00000001be3f2000 	/usr/lib/swift/libswiftMetal.dylib
0x00000001cdc04000 	/usr/lib/swift/libswiftOSLog.dylib
0x000000019fd33000 	/usr/lib/swift/libswiftObjectiveC.dylib
0x0000000287f90000 	/usr/lib/swift/libswiftObservation.dylib
0x00000001c3818000 	/usr/lib/swift/libswiftQuartzCore.dylib
0x0000000288052000 	/usr/lib/swift/libswiftSpatial.dylib
0x00000002880cc000 	/usr/lib/swift/libswiftSynchronization.dylib
0x00000001c82b0000 	/usr/lib/swift/libswiftUniformTypeIdentifiers.dylib
0x00000001b042f000 	/usr/lib/swift/libswiftXPC.dylib
0x0000000288112000 	/usr/lib/swift/libswift_Builtin_float.dylib
0x0000000288113000 	/usr/lib/swift/libswift_Concurrency.dylib
0x000000019fd37000 	/usr/lib/swift/libswiftos.dylib
0x00000001b3f76000 	/usr/lib/swift/libswiftsimd.dylib
0x0000000192b09000 	/usr/lib/libcompression.dylib
0x00000001951df000 	/System/Library/PrivateFrameworks/TextureIO.framework/Versions/A/TextureIO
0x000000018a0aa000 	/System/Library/Frameworks/ApplicationServices.framework/Versions/A/Frameworks/HIServices.framework/Versions/A/HIServices
0x0000000193f60000 	/usr/lib/libate.dylib
0x0000000192858000 	/usr/lib/system/libcache.dylib
0x0000000192813000 	/usr/lib/system/libcommonCrypto.dylib
0x000000019283e000 	/usr/lib/system/libcompiler_rt.dylib
0x0000000192833000 	/usr/lib/system/libcopyfile.dylib
0x0000000182746000 	/usr/lib/system/libcorecrypto.dylib
0x0000000182846000 	/usr/lib/system/libdispatch.dylib
0x00000001825e3000 	/usr/lib/system/libdyld.dylib
0x000000019284e000 	/usr/lib/system/libkeymgr.dylib
0x00000001927f6000 	/usr/lib/system/libmacho.dylib
0x0000000191a89000 	/usr/lib/system/libquarantine.dylib
0x000000019284b000 	/usr/lib/system/libremovefile.dylib
0x00000001891b9000 	/usr/lib/system/libsystem_asl.dylib
0x00000001826cc000 	/usr/lib/system/libsystem_blocks.dylib
0x0000000182891000 	/usr/lib/system/libsystem_c.dylib
0x0000000192842000 	/usr/lib/system/libsystem_collections.dylib
0x0000000190429000 	/usr/lib/system/libsystem_configuration.dylib
0x000000018f017000 	/usr/lib/system/libsystem_containermanager.dylib
0x0000000192228000 	/usr/lib/system/libsystem_coreservices.dylib
0x00000001869e0000 	/usr/lib/system/libsystem_darwin.dylib
0x0000000288434000 	/usr/lib/system/libsystem_darwindirectory.dylib
0x000000019284f000 	/usr/lib/system/libsystem_dnssd.dylib
0x0000000288438000 	/usr/lib/system/libsystem_eligibility.dylib
0x000000018288e000 	/usr/lib/system/libsystem_featureflags.dylib
0x0000000182a13000 	/usr/lib/system/libsystem_info.dylib
0x00000001927b7000 	/usr/lib/system/libsystem_m.dylib
0x00000001827f5000 	/usr/lib/system/libsystem_malloc.dylib
0x000000018911c000 	/usr/lib/system/libsystem_networkextension.dylib
0x0000000186e4b000 	/usr/lib/system/libsystem_notify.dylib
0x000000019042e000 	/usr/lib/system/libsystem_sandbox.dylib
0x0000000288443000 	/usr/lib/system/libsystem_sanitizers.dylib
0x0000000192847000 	/usr/lib/system/libsystem_secinit.dylib
0x00000001829bf000 	/usr/lib/system/libsystem_kernel.dylib
0x0000000182a0a000 	/usr/lib/system/libsystem_platform.dylib
0x00000001829fd000 	/usr/lib/system/libsystem_pthread.dylib
0x000000018ad72000 	/usr/lib/system/libsystem_symptoms.dylib
0x0000000182725000 	/usr/lib/system/libsystem_trace.dylib
0x000000028844b000 	/usr/lib/system/libsystem_trial.dylib
0x0000000192821000 	/usr/lib/system/libunwind.dylib
0x00000001826d0000 	/usr/lib/system/libxpc.dylib
0x00000001829a4000 	/usr/lib/libc++abi.dylib
0x0000000287c9d000 	/usr/lib/libswiftPrespecialized.dylib
0x0000000192860000 	/usr/lib/libfakelink.dylib
0x0000000188d66000 	/System/Library/Frameworks/CFNetwork.framework/Versions/A/CFNetwork
0x00000001928b3000 	/usr/lib/libarchive.2.dylib
0x0000000198c54000 	/System/Library/Frameworks/Combine.framework/Versions/A/Combine
0x000000023bb83000 	/System/Library/PrivateFrameworks/CollectionsInternal.framework/Versions/A/CollectionsInternal
0x0000000267bc9000 	/System/Library/PrivateFrameworks/ReflectionInternal.framework/Versions/A/ReflectionInternal
0x0000000268b1d000 	/System/Library/PrivateFrameworks/RuntimeInternal.framework/Versions/A/RuntimeInternal
0x00000001ad1df000 	/usr/lib/swift/libswiftDarwin.dylib
0x00000002880e0000 	/usr/lib/swift/libswiftSystem.dylib
0x000000028819f000 	/usr/lib/swift/libswift_DarwinFoundation1.dylib
0x0000000288243000 	/usr/lib/swift/libswift_StringProcessing.dylib
0x0000000186ce2000 	/System/Library/PrivateFrameworks/CoreServicesInternal.framework/Versions/A/CoreServicesInternal
0x000000019282b000 	/usr/lib/liboah.dylib
0x000000019f167000 	/System/Library/PrivateFrameworks/DiskImages.framework/Versions/A/DiskImages
0x00000001acc83000 	/System/Library/Frameworks/NetFS.framework/Versions/A/NetFS
0x000000018d258000 	/System/Library/Frameworks/CoreServices.framework/Versions/A/Frameworks/FSEvents.framework/Versions/A/FSEvents
0x00000001869ea000 	/System/Library/Frameworks/CoreServices.framework/Versions/A/Frameworks/CarbonCore.framework/Versions/A/CarbonCore
0x000000018c638000 	/System/Library/Frameworks/CoreServices.framework/Versions/A/Frameworks/Metadata.framework/Versions/A/Metadata
0x000000019222f000 	/System/Library/Frameworks/CoreServices.framework/Versions/A/Frameworks/OSServices.framework/Versions/A/OSServices
0x00000001929ab000 	/System/Library/Frameworks/CoreServices.framework/Versions/A/Frameworks/SearchKit.framework/Versions/A/SearchKit
0x000000018acec000 	/System/Library/Frameworks/CoreServices.framework/Versions/A/Frameworks/AE.framework/Versions/A/AE
0x0000000182fa2000 	/System/Library/Frameworks/CoreServices.framework/Versions/A/Frameworks/LaunchServices.framework/Versions/A/LaunchServices
0x0000000193db4000 	/System/Library/Frameworks/CoreServices.framework/Versions/A/Frameworks/DictionaryServices.framework/Versions/A/DictionaryServices
0x000000018d265000 	/System/Library/Frameworks/CoreServices.framework/Versions/A/Frameworks/SharedFileList.framework/Versions/A/SharedFileList
0x0000000192a3e000 	/usr/lib/libapple_nghttp2.dylib
0x000000018a908000 	/usr/lib/libsqlite3.dylib
0x000000018aaf1000 	/System/Library/Frameworks/Accounts.framework/Versions/A/Accounts
0x000000019f3a9000 	/System/Library/PrivateFrameworks/AppSupport.framework/Versions/A/AppSupport
0x00000001af1ce000 	/System/Library/Frameworks/AVFoundation.framework/Versions/A/AVFoundation
0x0000000196e8e000 	/System/Library/Frameworks/GSS.framework/Versions/A/GSS
0x000000018ac80000 	/System/Library/PrivateFrameworks/RunningBoardServices.framework/Versions/A/RunningBoardServices
0x000000019fcbb000 	/System/Library/PrivateFrameworks/StreamingZip.framework/Versions/A/StreamingZip
0x000000018ad7b000 	/System/Library/Frameworks/Network.framework/Versions/A/Network
0x00000001927fa000 	/usr/lib/system/libkxld.dylib
0x0000000237155000 	/System/Library/PrivateFrameworks/AppleKeyStore.framework/Versions/A/AppleKeyStore
0x0000000286523000 	/usr/lib/libCoreEntitlements.dylib
0x000000025c295000 	/System/Library/PrivateFrameworks/MessageSecurity.framework/Versions/A/MessageSecurity
0x000000018a8ec000 	/System/Library/PrivateFrameworks/ProtocolBuffer.framework/Versions/A/ProtocolBuffer
0x000000019c168000 	/System/Library/PrivateFrameworks/SymptomDiagnosticReporter.framework/Versions/A/SymptomDiagnosticReporter
0x0000000193ff9000 	/System/Library/PrivateFrameworks/CrashReporterSupport.framework/Versions/A/CrashReporterSupport
0x000000019220f000 	/System/Library/PrivateFrameworks/AppleFSCompression.framework/Versions/A/AppleFSCompression
0x0000000191a99000 	/usr/lib/libcoretls.dylib
0x0000000193e2a000 	/usr/lib/libcoretls_cfhelpers.dylib
0x0000000192b03000 	/usr/lib/libpam.2.dylib
0x0000000193ea0000 	/usr/lib/libxar.1.dylib
0x0000000193e2c000 	/System/Library/PrivateFrameworks/APFS.framework/Versions/A/APFS
0x00000002742a3000 	/System/Library/PrivateFrameworks/SwiftASN1Internal.framework/Versions/A/SwiftASN1Internal
0x0000000193eaf000 	/usr/lib/libutil.dylib
0x0000000190437000 	/System/Library/PrivateFrameworks/AppleSystemInfo.framework/Versions/A/AppleSystemInfo
0x0000000191760000 	/System/Library/PrivateFrameworks/IOMobileFramebuffer.framework/Versions/A/IOMobileFramebuffer
0x000000019eac7000 	/System/Library/PrivateFrameworks/CoreWiFi.framework/Versions/A/CoreWiFi
0x00000001b02dc000 	/System/Library/PrivateFrameworks/LoggingSupport.framework/Versions/A/LoggingSupport
0x0000000196ef1000 	/System/Library/PrivateFrameworks/MobileAsset.framework/Versions/A/MobileAsset
0x000000019c178000 	/System/Library/PrivateFrameworks/PowerLog.framework/Versions/A/PowerLog
0x000000019d63a000 	/System/Library/PrivateFrameworks/Rapport.framework/Versions/A/Rapport
0x000000022fcfe000 	/System/Library/Frameworks/SwiftData.framework/Versions/A/SwiftData
0x000000018d485000 	/System/Library/PrivateFrameworks/UserManagement.framework/Versions/A/UserManagement
0x0000000188c8d000 	/usr/lib/libboringssl.dylib
0x000000018ad60000 	/usr/lib/libdns_services.dylib
0x00000001af302000 	/usr/lib/libquic.dylib
0x00000001960e4000 	/usr/lib/libusrtcp.dylib
0x000000023800f000 	/System/Library/PrivateFrameworks/AtomicsInternal.framework/Versions/A/AtomicsInternal
0x00000001d66c2000 	/System/Library/PrivateFrameworks/InternalSwiftProtobuf.framework/Versions/A/InternalSwiftProtobuf
0x0000000287f67000 	/usr/lib/swift/libswiftDistributed.dylib
0x0000000190435000 	/System/Library/PrivateFrameworks/AggregateDictionary.framework/Versions/A/AggregateDictionary
0x000000023883f000 	/System/Library/PrivateFrameworks/BiomeLibrary.framework/Versions/A/BiomeLibrary
0x00000001bf465000 	/System/Library/PrivateFrameworks/BiomeStreams.framework/Versions/A/BiomeStreams
0x00000001bb4b4000 	/System/Library/PrivateFrameworks/BiomeFoundation.framework/Versions/A/BiomeFoundation
0x00000001c5712000 	/System/Library/PrivateFrameworks/BiomePubSub.framework/Versions/A/BiomePubSub
0x00000001a0c9e000 	/System/Library/PrivateFrameworks/ProactiveSupport.framework/Versions/A/ProactiveSupport
0x0000000231d5c000 	/System/Library/Frameworks/_LocationEssentials.framework/Versions/A/_LocationEssentials
0x0000000193e0b000 	/usr/lib/liblzma.5.dylib
0x000000019f6bd000 	/System/Library/PrivateFrameworks/InternationalTextSearch.framework/Versions/A/InternationalTextSearch
0x00000001b7987000 	/System/Library/PrivateFrameworks/SoftwareUpdateCoreSupport.framework/Versions/A/SoftwareUpdateCoreSupport
0x00000001bff04000 	/System/Library/PrivateFrameworks/SoftwareUpdateCoreConnect.framework/Versions/A/SoftwareUpdateCoreConnect
0x000000019f261000 	/System/Library/PrivateFrameworks/RemoteServiceDiscovery.framework/Versions/A/RemoteServiceDiscovery
0x00000001b755e000 	/System/Library/PrivateFrameworks/MSUDataAccessor.framework/Versions/A/MSUDataAccessor
0x00000001b24af000 	/usr/lib/libbootpolicy.dylib
0x000000019f278000 	/System/Library/PrivateFrameworks/RemoteXPC.framework/Versions/A/RemoteXPC
0x00000001bf339000 	/usr/lib/libFDR.dylib
0x00000001c5314000 	/usr/lib/libamsupport.dylib
0x0000000286819000 	/usr/lib/libReverseProxyDevice.dylib
0x00000002369c3000 	/System/Library/PrivateFrameworks/AppleDeviceQuerySupport.framework/Versions/A/AppleDeviceQuerySupport
0x00000001c84de000 	/usr/lib/libpartition2_dynamic.dylib
0x0000000192a1a000 	/System/Library/PrivateFrameworks/AppleSauce.framework/Versions/A/AppleSauce
0x00000002863ce000 	/usr/lib/libAppleArchive.dylib
0x000000019221b000 	/usr/lib/libbz2.1.0.dylib
0x000000018c6ce000 	/System/Library/Frameworks/Accelerate.framework/Versions/A/Frameworks/vImage.framework/Versions/A/vImage
0x000000019afbd000 	/System/Library/Frameworks/Accelerate.framework/Versions/A/Frameworks/vecLib.framework/Versions/A/vecLib
0x0000000193ee6000 	/System/Library/Frameworks/Accelerate.framework/Versions/A/Frameworks/vecLib.framework/Versions/A/libvMisc.dylib
0x00000001834a6000 	/System/Library/Frameworks/Accelerate.framework/Versions/A/Frameworks/vecLib.framework/Versions/A/libBLAS.dylib
0x000000018d3c3000 	/System/Library/Frameworks/CoreVideo.framework/Versions/A/CoreVideo
0x0000000196a9e000 	/System/Library/Frameworks/ApplicationServices.framework/Versions/A/Frameworks/ATS.framework/Versions/A/ATS
0x000000019516c000 	/System/Library/Frameworks/ApplicationServices.framework/Versions/A/Frameworks/PrintCore.framework/Versions/A/PrintCore
0x0000000196e57000 	/System/Library/Frameworks/ApplicationServices.framework/Versions/A/Frameworks/QD.framework/Versions/A/QD
0x0000000196e52000 	/System/Library/Frameworks/ApplicationServices.framework/Versions/A/Frameworks/ColorSyncLegacy.framework/Versions/A/ColorSyncLegacy
0x0000000196a70000 	/System/Library/Frameworks/ApplicationServices.framework/Versions/A/Frameworks/SpeechSynthesis.framework/Versions/A/SpeechSynthesis
0x000000018f51e000 	/System/Library/PrivateFrameworks/FontServices.framework/libFontParser.dylib
0x000000019ef89000 	/System/Library/PrivateFrameworks/BackBoardServices.framework/Versions/A/BackBoardServices
0x0000000238744000 	/System/Library/PrivateFrameworks/BackBoardHIDEventFoundation.framework/Versions/A/BackBoardHIDEventFoundation
0x0000000185446000 	/System/Library/Frameworks/CoreDisplay.framework/Versions/A/CoreDisplay
0x0000000194ac5000 	/System/Library/Frameworks/VideoToolbox.framework/Versions/A/VideoToolbox
0x0000000192b01000 	/System/Library/Frameworks/MetalPerformanceShaders.framework/Versions/A/MetalPerformanceShaders
0x0000000266ad3000 	/System/Library/PrivateFrameworks/ProDisplayLibrary.framework/Versions/A/ProDisplayLibrary
0x00000001a2dbe000 	/System/Library/PrivateFrameworks/IOSurfaceAccelerator.framework/Versions/A/IOSurfaceAccelerator
0x000000018f06d000 	/System/Library/PrivateFrameworks/IOAccelerator.framework/Versions/A/IOAccelerator
0x000000018f37c000 	/System/Library/Frameworks/CoreMedia.framework/Versions/A/CoreMedia
0x00000001891d1000 	/System/Library/PrivateFrameworks/TCC.framework/Versions/A/TCC
0x0000000194a7d000 	/System/Library/PrivateFrameworks/WatchdogClient.framework/Versions/A/WatchdogClient
0x00000001b03fc000 	/usr/lib/swift/libswiftCoreAudio.dylib
0x00000001cc451000 	/usr/lib/swift/libswiftCoreMedia.dylib
0x00000002880fa000 	/usr/lib/swift/libswiftVideoToolbox.dylib
0x00000001c5773000 	/System/Library/PrivateFrameworks/BiomeStorage.framework/Versions/A/BiomeStorage
0x0000000254f84000 	/System/Library/PrivateFrameworks/IntelligencePlatformLibrary.framework/Versions/A/IntelligencePlatformLibrary
0x0000000265897000 	/System/Library/PrivateFrameworks/PoirotSchematizer.framework/Versions/A/PoirotSchematizer
0x00000002390fa000 	/System/Library/PrivateFrameworks/BiomeSync.framework/Versions/A/BiomeSync
0x0000000238825000 	/System/Library/PrivateFrameworks/BiomeDSL.framework/Versions/A/BiomeDSL
0x0000000265905000 	/System/Library/PrivateFrameworks/PoirotUDFs.framework/Versions/A/PoirotUDFs
0x00000002881a2000 	/usr/lib/swift/libswift_DarwinFoundation2.dylib
0x00000002881a3000 	/usr/lib/swift/libswift_DarwinFoundation3.dylib
0x000000019d62f000 	/System/Library/PrivateFrameworks/CoreTime.framework/Versions/A/CoreTime
0x0000000192898000 	/usr/lib/libiconv.2.dylib
0x00000001927f5000 	/usr/lib/libcharset.1.dylib
0x000000026585a000 	/System/Library/PrivateFrameworks/PoirotSQLite.framework/Versions/A/PoirotSQLite
0x00000002881a4000 	/usr/lib/swift/libswift_RegexParser.dylib
0x000000023a730000 	/System/Library/PrivateFrameworks/CascadeSets.framework/Versions/A/CascadeSets
0x0000000197068000 	/System/Library/PrivateFrameworks/CorePhoneNumbers.framework/Versions/A/CorePhoneNumbers
0x0000000194877000 	/System/Library/PrivateFrameworks/AppleJPEG.framework/Versions/A/AppleJPEG
0x0000000194250000 	/usr/lib/libexpat.1.dylib
0x0000000195042000 	/System/Library/Frameworks/ImageIO.framework/Versions/A/Resources/libPng.dylib
0x000000019506d000 	/System/Library/Frameworks/ImageIO.framework/Versions/A/Resources/libTIFF.dylib
0x0000000195155000 	/System/Library/Frameworks/ImageIO.framework/Versions/A/Resources/libGIF.dylib
0x00000001948bc000 	/System/Library/Frameworks/ImageIO.framework/Versions/A/Resources/libJP2.dylib
0x00000001950fc000 	/System/Library/Frameworks/ImageIO.framework/Versions/A/Resources/libJPEG.dylib
0x00000001950f3000 	/System/Library/Frameworks/ImageIO.framework/Versions/A/Resources/libRadiance.dylib
0x000000024abd4000 	/System/Library/PrivateFrameworks/GPUCompiler.framework/Versions/32023/Libraries/libllvm-flatbuffers.dylib
0x0000000245633000 	/System/Library/PrivateFrameworks/FramePacing.framework/Versions/A/FramePacing
0x0000000228743000 	/System/Library/Frameworks/OpenGL.framework/Versions/A/Libraries/libCoreFSCache.dylib
0x0000000246761000 	/System/Library/PrivateFrameworks/GPUCompiler.framework/Versions/32023/Libraries/libGPUCompilerUtils.dylib
0x000000019d187000 	/System/Library/PrivateFrameworks/GraphicsServices.framework/Versions/A/GraphicsServices
0x00000002287a2000 	/System/Library/Frameworks/OpenGL.framework/Versions/A/Libraries/libGLU.dylib
0x0000000228765000 	/System/Library/Frameworks/OpenGL.framework/Versions/A/Libraries/libGFXShared.dylib
0x0000000228932000 	/System/Library/Frameworks/OpenGL.framework/Versions/A/Libraries/libGL.dylib
0x000000022876e000 	/System/Library/Frameworks/OpenGL.framework/Versions/A/Libraries/libGLImage.dylib
0x0000000228762000 	/System/Library/Frameworks/OpenGL.framework/Versions/A/Libraries/libCVMSPluginSupport.dylib
0x000000022874b000 	/System/Library/Frameworks/OpenGL.framework/Versions/A/Libraries/libCoreVMClient.dylib
0x00000001950ee000 	/System/Library/PrivateFrameworks/GPUWrangler.framework/Versions/A/GPUWrangler
0x00000001950ce000 	/System/Library/PrivateFrameworks/IOPresentment.framework/Versions/A/IOPresentment
0x00000001950f6000 	/System/Library/PrivateFrameworks/DSExternalDisplay.framework/Versions/A/DSExternalDisplay
0x000000027c159000 	/System/Library/PrivateFrameworks/VideoToolboxParavirtualizationSupport.framework/Versions/A/VideoToolboxParavirtualizationSupport
0x0000000194207000 	/System/Library/PrivateFrameworks/AppleVA.framework/Versions/A/AppleVA
0x000000022a7ce000 	/System/Library/Frameworks/ExtensionFoundation.framework/Versions/A/ExtensionFoundation
0x000000019515b000 	/System/Library/PrivateFrameworks/CMCaptureCore.framework/Versions/A/CMCaptureCore
0x00000001944d4000 	/System/Library/PrivateFrameworks/AppServerSupport.framework/Versions/A/AppServerSupport
0x0000000196e60000 	/System/Library/PrivateFrameworks/perfdata.framework/Versions/A/perfdata
0x0000000185567000 	/System/Library/PrivateFrameworks/AudioToolboxCore.framework/Versions/A/AudioToolboxCore
0x000000018f352000 	/System/Library/PrivateFrameworks/caulk.framework/Versions/A/caulk
0x0000000196a56000 	/usr/lib/libAudioStatistics.dylib
0x00000001af3f7000 	/System/Library/PrivateFrameworks/SystemPolicy.framework/Versions/A/SystemPolicy
0x0000000196d04000 	/usr/lib/libSMC.dylib
0x00000001b6d6d000 	/usr/lib/swift/libswiftCoreMIDI.dylib
0x00000001a20ad000 	/System/Library/Frameworks/CoreMIDI.framework/Versions/A/CoreMIDI
0x000000019501c000 	/usr/lib/libAudioToolboxUtility.dylib
0x0000000196e6e000 	/usr/lib/libperfcheck.dylib
0x00000002380de000 	/System/Library/PrivateFrameworks/AudioAnalytics.framework/Versions/A/AudioAnalytics
0x00000001d63ae000 	/System/Library/Frameworks/OSLog.framework/Versions/A/OSLog
0x0000000261307000 	/System/Library/PrivateFrameworks/OSEligibility.framework/Versions/A/OSEligibility
0x000000022bbb5000 	/System/Library/Frameworks/LightweightCodeRequirements.framework/Versions/A/LightweightCodeRequirements
0x0000000194150000 	/System/Library/PrivateFrameworks/PlugInKit.framework/Versions/A/PlugInKit
0x00000001919aa000 	/System/Library/PrivateFrameworks/AssertionServices.framework/Versions/A/AssertionServices
0x0000000194275000 	/System/Library/PrivateFrameworks/IconFoundation.framework/Versions/A/IconFoundation
0x0000000251b10000 	/System/Library/PrivateFrameworks/IconRendering.framework/Versions/A/IconRendering
0x0000000268d02000 	/System/Library/PrivateFrameworks/SFSymbols.framework/Versions/A/SFSymbols
0x0000000194484000 	/System/Library/PrivateFrameworks/GraphVisualizer.framework/Versions/A/GraphVisualizer
0x000000024553e000 	/System/Library/PrivateFrameworks/FontServices.framework/Versions/A/FontServices
0x0000000194494000 	/System/Library/PrivateFrameworks/OTSVG.framework/Versions/A/OTSVG
0x000000018cf09000 	/System/Library/Frameworks/ApplicationServices.framework/Versions/A/Frameworks/ATS.framework/Versions/A/Resources/libFontRegistry.dylib
0x00000002872f3000 	/usr/lib/libhvf.dylib
0x0000000261f94000 	/System/Library/PrivateFrameworks/ParsingInternal.framework/Versions/A/ParsingInternal
0x0000000245542000 	/System/Library/PrivateFrameworks/FontServices.framework/libXTFontStaticRegistryData.dylib
0x000000019036f000 	/System/Library/Frameworks/MetalPerformanceShaders.framework/Versions/A/Frameworks/MPSCore.framework/Versions/A/MPSCore
0x000000019217a000 	/System/Library/Frameworks/MetalPerformanceShaders.framework/Versions/A/Frameworks/MPSImage.framework/Versions/A/MPSImage
0x0000000191b39000 	/System/Library/Frameworks/MetalPerformanceShaders.framework/Versions/A/Frameworks/MPSNeuralNetwork.framework/Versions/A/MPSNeuralNetwork
0x0000000191f78000 	/System/Library/Frameworks/MetalPerformanceShaders.framework/Versions/A/Frameworks/MPSMatrix.framework/Versions/A/MPSMatrix
0x0000000191d90000 	/System/Library/Frameworks/MetalPerformanceShaders.framework/Versions/A/Frameworks/MPSRayIntersector.framework/Versions/A/MPSRayIntersector
0x0000000191faa000 	/System/Library/Frameworks/MetalPerformanceShaders.framework/Versions/A/Frameworks/MPSNDArray.framework/Versions/A/MPSNDArray
0x000000022ca3a000 	/System/Library/Frameworks/MetalPerformanceShaders.framework/Versions/A/Frameworks/MPSFunctions.framework/Versions/A/MPSFunctions
0x000000022ca1b000 	/System/Library/Frameworks/MetalPerformanceShaders.framework/Versions/A/Frameworks/MPSBenchmarkLoop.framework/Versions/A/MPSBenchmarkLoop
0x000000022ca4e000 	/System/Library/Frameworks/MetalPerformanceShaders.framework/Versions/A/Frameworks/MPSHost.framework/Versions/A/MPSHost
0x00000001832bd000 	/System/Library/PrivateFrameworks/MetalTools.framework/Versions/A/MetalTools
0x00000001b569d000 	/System/Library/PrivateFrameworks/IOAccelMemoryInfo.framework/Versions/A/IOAccelMemoryInfo
0x00000001c3c0b000 	/System/Library/PrivateFrameworks/kperf.framework/Versions/A/kperf
0x00000001b03f8000 	/System/Library/PrivateFrameworks/GPURawCounter.framework/Versions/A/GPURawCounter
0x00000001a0e29000 	/System/Library/PrivateFrameworks/ASEProcessing.framework/Versions/A/ASEProcessing
0x00000001d1d1a000 	/System/Library/PrivateFrameworks/Symbolication.framework/Versions/A/Symbolication
0x0000000265445000 	/System/Library/PrivateFrameworks/PhotosensitivityProcessing.framework/Versions/A/PhotosensitivityProcessing
0x0000000268d88000 	/System/Library/PrivateFrameworks/SILManager.framework/Versions/A/SILManager
0x000000019d4d3000 	/System/Library/PrivateFrameworks/CoreSymbolication.framework/Versions/A/CoreSymbolication
0x00000001b036b000 	/System/Library/PrivateFrameworks/MallocStackLogging.framework/Versions/A/MallocStackLogging
0x000000019d4b1000 	/System/Library/PrivateFrameworks/DebugSymbols.framework/Versions/A/DebugSymbols
0x00000001c235c000 	/System/Library/PrivateFrameworks/OSAnalytics.framework/Versions/A/OSAnalytics
0x0000000243299000 	/System/Library/PrivateFrameworks/DeviceRecovery.framework/Versions/A/DeviceRecovery
0x00000002779e1000 	/System/Library/PrivateFrameworks/Tightbeam.framework/Versions/A/Tightbeam
0x00000001c8a4d000 	/System/Library/PrivateFrameworks/AFKUser.framework/Versions/A/AFKUser
0x00000001925ec000 	/System/Library/Frameworks/UserNotifications.framework/Versions/A/UserNotifications
0x00000001b5e34000 	/System/Library/PrivateFrameworks/SiriInstrumentation.framework/Versions/A/SiriInstrumentation
0x000000026b218000 	/System/Library/PrivateFrameworks/SiriAnalytics.framework/Versions/A/SiriAnalytics
0x00000001b3593000 	/System/Library/PrivateFrameworks/FeedbackLogger.framework/Versions/A/FeedbackLogger
0x00000001cde9d000 	/usr/lib/swift/libswiftAVFoundation.dylib
0x000000027a20a000 	/System/Library/PrivateFrameworks/UnifiedAssetFramework.framework/Versions/A/UnifiedAssetFramework
0x00000001969d5000 	/System/Library/PrivateFrameworks/AudioSession.framework/Versions/A/AudioSession
0x0000000194395000 	/System/Library/PrivateFrameworks/MediaExperience.framework/Versions/A/MediaExperience
0x00000001967a9000 	/System/Library/PrivateFrameworks/AudioSession.framework/libSessionUtility.dylib
0x000000019c05d000 	/System/Library/Frameworks/CoreBluetooth.framework/Versions/A/CoreBluetooth
0x000000019181d000 	/System/Library/PrivateFrameworks/CoreUtils.framework/Versions/A/CoreUtils
0x00000001a808e000 	/System/Library/PrivateFrameworks/HID.framework/Versions/A/HID
0x000000024218a000 	/System/Library/PrivateFrameworks/CoreUtilsExtras.framework/Versions/A/CoreUtilsExtras
0x0000000251a65000 	/System/Library/PrivateFrameworks/IO80211.framework/Versions/A/IO80211
0x00000001989a0000 	/System/Library/Frameworks/IOBluetooth.framework/Versions/A/IOBluetooth
0x0000000287faf000 	/usr/lib/swift/libswiftRegexBuilder.dylib
0x0000000193ff0000 	/usr/lib/libIOReport.dylib
0x00000001de952000 	/System/Library/PrivateFrameworks/WiFiPeerToPeer.framework/Versions/A/WiFiPeerToPeer
0x00000001919b9000 	/System/Library/Frameworks/SecurityFoundation.framework/Versions/A/SecurityFoundation
0x000000023a7e4000 	/System/Library/PrivateFrameworks/Centauri.framework/Versions/A/Centauri
0x0000000183ca1000 	/System/Library/PrivateFrameworks/Lexicon.framework/Versions/A/Lexicon
0x0000000287743000 	/usr/lib/libmrc.dylib
0x0000000251ad0000 	/System/Library/PrivateFrameworks/IPConfiguration.framework/Versions/A/IPConfiguration
0x00000001d24f1000 	/System/Library/PrivateFrameworks/Netrb.framework/Versions/A/Netrb
0x0000000191b22000 	/usr/lib/libgermantok.dylib
0x000000019055e000 	/System/Library/PrivateFrameworks/LinguisticData.framework/Versions/A/LinguisticData
0x000000019c266000 	/System/Library/PrivateFrameworks/MediaKit.framework/Versions/A/MediaKit
0x000000019c1b4000 	/System/Library/Frameworks/DiscRecording.framework/Versions/A/DiscRecording
0x000000019426b000 	/usr/lib/libheimdal-asn1.dylib
0x000000019fc91000 	/System/Library/Frameworks/AudioUnit.framework/Versions/A/AudioUnit
0x000000018d220000 	/System/Library/Frameworks/OpenDirectory.framework/Versions/A/OpenDirectory
0x000000018d22e000 	/System/Library/Frameworks/OpenDirectory.framework/Versions/A/Frameworks/CFOpenDirectory.framework/Versions/A/CFOpenDirectory
0x0000000198d48000 	/System/Library/PrivateFrameworks/GeoServices.framework/Versions/A/GeoServices
0x000000019676f000 	/System/Library/PrivateFrameworks/LocationSupport.framework/Versions/A/LocationSupport
0x000000024e78e000 	/System/Library/PrivateFrameworks/GeoServicesCore.framework/Versions/A/GeoServicesCore
0x00000001a8f92000 	/System/Library/PrivateFrameworks/PhoneNumbers.framework/Versions/A/PhoneNumbers
0x0000000256f16000 	/System/Library/PrivateFrameworks/LocationLogEncryption.framework/Versions/A/LocationLogEncryption
0x0000000228cbe000 	/System/Library/Frameworks/AVFAudio.framework/Versions/A/AVFAudio
0x0000000228e02000 	/System/Library/Frameworks/AVRouting.framework/Versions/A/AVRouting
0x00000001a90aa000 	/usr/lib/libAccessibility.dylib
0x0000000255900000 	/System/Library/PrivateFrameworks/IsolatedCoreAudioClient.framework/Versions/A/IsolatedCoreAudioClient
0x000000023df7e000 	/System/Library/PrivateFrameworks/CoreAudioOrchestration.framework/Versions/A/CoreAudioOrchestration
0x0000000195643000 	/System/Library/Frameworks/MediaToolbox.framework/Versions/A/MediaToolbox
0x000000019c38c000 	/System/Library/PrivateFrameworks/CoreAVCHD.framework/Versions/A/CoreAVCHD
0x000000019b2b0000 	/System/Library/Frameworks/MediaAccessibility.framework/Versions/A/MediaAccessibility
0x000000019c388000 	/System/Library/PrivateFrameworks/Mangrove.framework/Versions/A/Mangrove
0x0000000239e20000 	/System/Library/PrivateFrameworks/CMPhoto.framework/Versions/A/CMPhoto
0x000000019cb55000 	/System/Library/Frameworks/CoreTelephony.framework/Versions/A/CoreTelephony
0x000000019c37b000 	/System/Library/PrivateFrameworks/CoreAUC.framework/Versions/A/CoreAUC
0x0000000236f86000 	/System/Library/PrivateFrameworks/AppleJPEGXL.framework/Versions/A/AppleJPEGXL
0x0000000197078000 	/usr/lib/libTelephonyUtilDynamic.dylib
0x00000001d94cf000 	/System/Library/Frameworks/CryptoKit.framework/Versions/A/CryptoKit
0x000000019fc8c000 	/System/Library/PrivateFrameworks/CryptoKitCBridging.framework/Versions/A/CryptoKitCBridging
0x000000019d199000 	/System/Library/Frameworks/CryptoTokenKit.framework/Versions/A/CryptoTokenKit
0x0000000242d09000 	/System/Library/PrivateFrameworks/Dendrite.framework/Versions/A/Dendrite
0x00000001aff9c000 	/System/Library/Frameworks/NaturalLanguage.framework/Versions/A/NaturalLanguage
0x00000001de8d9000 	/usr/lib/swift/libswiftNaturalLanguage.dylib
0x0000000237afd000 	/System/Library/PrivateFrameworks/AppleMobileFileIntegrity.framework/Versions/A/AppleMobileFileIntegrity
0x0000000286891000 	/usr/lib/libTLE.dylib
0x00000001b039d000 	/usr/lib/libmis.dylib
0x00000001e8021000 	/System/Library/PrivateFrameworks/ConfigProfileHelper.framework/Versions/A/ConfigProfileHelper
0x000000019fe1b000 	/System/Library/PrivateFrameworks/Espresso.framework/Versions/A/Espresso
0x000000018d9b0000 	/System/Library/Frameworks/CoreML.framework/Versions/A/CoreML
0x00000001dc785000 	/usr/lib/libedit.3.dylib
0x0000000225acc000 	/System/Library/PrivateFrameworks/ANECompiler.framework/Versions/A/ANECompiler
0x00000001a1ef1000 	/System/Library/PrivateFrameworks/AppleNeuralEngine.framework/Versions/A/AppleNeuralEngine
0x0000000257034000 	/System/Library/PrivateFrameworks/MIL.framework/Versions/A/MIL
0x000000022ca54000 	/System/Library/Frameworks/MetalPerformanceShadersGraph.framework/Versions/A/MetalPerformanceShadersGraph
0x00000002577a3000 	/System/Library/PrivateFrameworks/MLCompilerServices.framework/Versions/A/MLCompilerServices
0x00000001a0c6d000 	/System/Library/PrivateFrameworks/ANEServices.framework/Versions/A/ANEServices
0x00000001b5660000 	/usr/lib/libncurses.5.4.dylib
0x0000000186e5e000 	/usr/lib/libsandbox.1.dylib
0x0000000194191000 	/usr/lib/libMatch.1.dylib
0x0000000261089000 	/System/Library/PrivateFrameworks/ODIE.framework/Versions/A/ODIE
0x000000025a430000 	/System/Library/PrivateFrameworks/MLModelAsset.framework/Versions/A/MLModelAsset
0x0000000257749000 	/System/Library/PrivateFrameworks/MLCompilerRuntime.framework/Versions/A/MLCompilerRuntime
0x0000000191de5000 	/System/Library/Frameworks/MLCompute.framework/Versions/A/MLCompute
0x00000002576cb000 	/System/Library/PrivateFrameworks/MLAssetIO.framework/Versions/A/MLAssetIO
0x0000000287f81000 	/usr/lib/swift/libswiftMLCompute.dylib
0x000000019cd70000 	/System/Library/PrivateFrameworks/AVFCore.framework/Versions/A/AVFCore
0x00000001a69ab000 	/System/Library/PrivateFrameworks/AVFCapture.framework/Versions/A/AVFCapture
0x0000000239c17000 	/System/Library/PrivateFrameworks/CMImaging.framework/Versions/A/CMImaging
0x00000001a6bed000 	/System/Library/PrivateFrameworks/Quagga.framework/Versions/A/Quagga
0x00000001a6d1e000 	/System/Library/PrivateFrameworks/CMCapture.framework/Versions/A/CMCapture
0x0000000196c01000 	/System/Library/Frameworks/CoreMediaIO.framework/Versions/A/CoreMediaIO
0x0000000239b52000 	/System/Library/PrivateFrameworks/CMCaptureDevice.framework/Versions/A/CMCaptureDevice
0x00000001945cd000 	/System/Library/PrivateFrameworks/CoreBrightness.framework/Versions/A/CoreBrightness
0x000000023acdb000 	/System/Library/PrivateFrameworks/CinematicFraming.framework/Versions/A/CinematicFraming
0x000000025d56d000 	/System/Library/PrivateFrameworks/ModelManagerServices.framework/Versions/A/ModelManagerServices
0x00000001caf05000 	/System/Library/PrivateFrameworks/CPMS.framework/Versions/A/CPMS
0x0000000275111000 	/System/Library/PrivateFrameworks/SystemStatus.framework/Versions/A/SystemStatus
0x00000001aedcc000 	/System/Library/Frameworks/CoreMotion.framework/Versions/A/CoreMotion
0x00000001bf3e4000 	/System/Library/PrivateFrameworks/TimeSync.framework/Versions/A/TimeSync
0x00000002436d1000 	/System/Library/PrivateFrameworks/DistributedSensing.framework/Versions/A/DistributedSensing
0x00000001ba7c3000 	/System/Library/PrivateFrameworks/MobileBluetooth.framework/Versions/A/MobileBluetooth
0x00000001c10a8000 	/System/Library/PrivateFrameworks/IOKitten.framework/Versions/A/IOKitten
0x0000000236e00000 	/System/Library/PrivateFrameworks/AppleIntelligenceReporting.framework/Versions/A/AppleIntelligenceReporting
0x000000019172c000 	/System/Library/PrivateFrameworks/CoreEmoji.framework/Versions/A/CoreEmoji
0x0000000183fb5000 	/usr/lib/libCRFSuite.dylib
0x0000000185296000 	/System/Library/PrivateFrameworks/LanguageModeling.framework/Versions/A/LanguageModeling
0x000000019043e000 	/System/Library/PrivateFrameworks/CoreNLP.framework/Versions/A/CoreNLP
0x000000018a213000 	/System/Library/PrivateFrameworks/Montreal.framework/Versions/A/Montreal
0x00000001928a0000 	/usr/lib/libcmph.dylib
0x0000000191ac3000 	/usr/lib/libmecab.dylib
0x0000000192a11000 	/usr/lib/libThaiTokenizer.dylib
0x000000024e573000 	/System/Library/PrivateFrameworks/GenerativeModelsFoundation.framework/Versions/A/GenerativeModelsFoundation
0x0000000277ee6000 	/System/Library/PrivateFrameworks/TokenGeneration.framework/Versions/A/TokenGeneration
0x000000024e347000 	/System/Library/PrivateFrameworks/GenerativeFunctions.framework/Versions/A/GenerativeFunctions
0x000000024e395000 	/System/Library/PrivateFrameworks/GenerativeFunctionsFoundation.framework/Versions/A/GenerativeFunctionsFoundation
0x000000025d22e000 	/System/Library/PrivateFrameworks/ModelCatalog.framework/Versions/A/ModelCatalog
0x000000026a432000 	/System/Library/PrivateFrameworks/SensitiveContentAnalysisML.framework/Versions/A/SensitiveContentAnalysisML
0x000000024e42b000 	/System/Library/PrivateFrameworks/GenerativeFunctionsInstrumentation.framework/Versions/A/GenerativeFunctionsInstrumentation
0x000000026725b000 	/System/Library/PrivateFrameworks/PromptKit.framework/Versions/A/PromptKit
0x0000000266c71000 	/System/Library/PrivateFrameworks/ProactiveDaemonSupport.framework/Versions/A/ProactiveDaemonSupport
0x000000027811e000 	/System/Library/PrivateFrameworks/TokenGenerationCore.framework/Versions/A/TokenGenerationCore
0x00000001b0e6b000 	/System/Library/PrivateFrameworks/Trial.framework/Versions/A/Trial
0x00000001b0dec000 	/System/Library/PrivateFrameworks/TrialProto.framework/Versions/A/TrialProto
0x0000000236a2a000 	/System/Library/PrivateFrameworks/AppleFlatBuffers.framework/Versions/A/AppleFlatBuffers
0x000000026a702000 	/System/Library/PrivateFrameworks/SentencePieceInternal.framework/Versions/A/SentencePieceInternal
0x000000019b30a000 	/System/Library/Frameworks/Vision.framework/Versions/A/Vision
0x0000000241e28000 	/System/Library/PrivateFrameworks/CoreSceneUnderstanding.framework/Versions/A/CoreSceneUnderstanding
0x000000027cd6f000 	/System/Library/PrivateFrameworks/VisionCore.framework/Versions/A/VisionCore
0x00000001b9751000 	/System/Library/Frameworks/Vision.framework/libfaceCore.dylib
0x00000001ba26b000 	/System/Library/PrivateFrameworks/Futhark.framework/Versions/A/Futhark
0x00000001be1b9000 	/System/Library/PrivateFrameworks/InertiaCam.framework/Versions/A/InertiaCam
0x00000001b9ff8000 	/System/Library/PrivateFrameworks/TextRecognition.framework/Versions/A/TextRecognition
0x000000019402e000 	/System/Library/PrivateFrameworks/CVNLP.framework/Versions/A/CVNLP
0x00000001d6899000 	/System/Library/PrivateFrameworks/HIDDisplay.framework/Versions/A/HIDDisplay
0x0000000195127000 	/System/Library/Frameworks/ApplicationServices.framework/Versions/A/Frameworks/ATSUI.framework/Versions/A/ATSUI
0x0000000196de5000 	/usr/lib/libcups.2.dylib
0x0000000196e7c000 	/System/Library/Frameworks/Kerberos.framework/Versions/A/Kerberos
0x0000000196aec000 	/usr/lib/libresolv.9.dylib
0x00000001944e8000 	/System/Library/PrivateFrameworks/Heimdal.framework/Versions/A/Heimdal
0x000000019fc90000 	/System/Library/Frameworks/Kerberos.framework/Versions/A/Libraries/libHeimdalProxy.dylib
0x0000000196ee0000 	/System/Library/PrivateFrameworks/CommonAuth.framework/Versions/A/CommonAuth
0x00000001a8f9e000 	/System/Library/PrivateFrameworks/AXCoreUtilities.framework/Versions/A/AXCoreUtilities
0x0000000286391000 	/usr/lib/libAXSafeCategoryBundle.dylib
0x0000000230de2000 	/System/Library/Frameworks/TabularData.framework/Versions/A/TabularData
0x0000000237cad000 	/System/Library/PrivateFrameworks/ArgumentParserInternal.framework/Versions/A/ArgumentParserInternal
0x00000001915ee000 	/System/Library/Frameworks/Accelerate.framework/Versions/A/Frameworks/vecLib.framework/Versions/A/libvDSP.dylib
0x0000000192be3000 	/System/Library/Frameworks/Accelerate.framework/Versions/A/Frameworks/vecLib.framework/Versions/A/libLAPACK.dylib
0x0000000191b25000 	/System/Library/Frameworks/Accelerate.framework/Versions/A/Frameworks/vecLib.framework/Versions/A/libLinearAlgebra.dylib
0x0000000192a57000 	/System/Library/Frameworks/Accelerate.framework/Versions/A/Frameworks/vecLib.framework/Versions/A/libSparseBLAS.dylib
0x0000000192bde000 	/System/Library/Frameworks/Accelerate.framework/Versions/A/Frameworks/vecLib.framework/Versions/A/libQuadrature.dylib
0x0000000190565000 	/System/Library/Frameworks/Accelerate.framework/Versions/A/Frameworks/vecLib.framework/Versions/A/libBNNS.dylib
0x0000000183db1000 	/System/Library/Frameworks/Accelerate.framework/Versions/A/Frameworks/vecLib.framework/Versions/A/libSparse.dylib
0x0000000196e44000 	/System/Library/PrivateFrameworks/NetAuth.framework/Versions/A/NetAuth
0x000000018d444000 	/System/Library/PrivateFrameworks/login.framework/Versions/A/Frameworks/loginsupport.framework/Versions/A/loginsupport
0x0000000191a8d000 	/usr/lib/libCheckFix.dylib
0x000000018c5cb000 	/System/Library/PrivateFrameworks/MetadataUtilities.framework/Versions/A/MetadataUtilities
0x0000000252557000 	/System/Library/PrivateFrameworks/InstalledContentLibrary.framework/Versions/A/InstalledContentLibrary
0x0000000186d22000 	/System/Library/PrivateFrameworks/CoreServicesStore.framework/Versions/A/CoreServicesStore
0x00000001c3d22000 	/System/Library/PrivateFrameworks/MobileSystemServices.framework/Versions/A/MobileSystemServices
0x0000000193eb3000 	/usr/lib/libxslt.1.dylib
0x0000000191a4c000 	/System/Library/PrivateFrameworks/BackgroundTaskManagement.framework/Versions/A/BackgroundTaskManagement
0x000000019f322000 	/usr/lib/libcurl.4.dylib
0x00000002870a7000 	/usr/lib/libcrypto.46.dylib
0x0000000287c2a000 	/usr/lib/libssl.48.dylib
0x000000019effc000 	/System/Library/Frameworks/LDAP.framework/Versions/A/LDAP
0x000000019f038000 	/System/Library/PrivateFrameworks/TrustEvaluationAgent.framework/Versions/A/TrustEvaluationAgent
0x0000000196b09000 	/usr/lib/libsasl2.2.dylib
0x00000001ad1de000 	/usr/lib/swift/libswiftCoreGraphics.dylib
0x000000019b9a4000 	/usr/lib/swift/libswiftFoundation.dylib
0x00000001e79c2000 	/usr/lib/swift/libswiftSwiftOnoneSupport.dylib
0x00000002882d8000 	/usr/lib/swift/libswiftsys_time.dylib
0x00000001d252f000 	/System/Library/PrivateFrameworks/CoreMaterial.framework/Versions/A/CoreMaterial
0x000000028688e000 	/usr/lib/libSpatial.dylib
0x00000002862ae000 	/System/Library/SubFrameworks/UIUtilities.framework/Versions/A/UIUtilities
0x00000001021d0000 	/Volumes/Extreme 2TB/Applications/Android Studio.app/Contents/jbr/Contents/Home/lib/server/libjvm.dylib
0x0000000100ebc000 	/Volumes/Extreme 2TB/Applications/Android Studio.app/Contents/jbr/Contents/Home/lib/libjimage.dylib
0x0000000100ee8000 	/Volumes/Extreme 2TB/Applications/Android Studio.app/Contents/jbr/Contents/Home/lib/libinstrument.dylib
0x0000000100f30000 	/Volumes/Extreme 2TB/Applications/Android Studio.app/Contents/jbr/Contents/Home/lib/libjava.dylib
0x0000000101a88000 	/Volumes/Extreme 2TB/Applications/Android Studio.app/Contents/jbr/Contents/Home/lib/libzip.dylib
0x0000000101ad0000 	/Volumes/Extreme 2TB/Applications/Android Studio.app/Contents/jbr/Contents/Home/lib/libnio.dylib
0x0000000101200000 	/Volumes/Extreme 2TB/Applications/Android Studio.app/Contents/jbr/Contents/Home/lib/libnet.dylib
0x0000000101ab0000 	/Volumes/Extreme 2TB/Applications/Android Studio.app/Contents/jbr/Contents/Home/lib/libverify.dylib
0x0000000101af0000 	/Users/ritvikbansal/.gradle/native/660c5614fbf4a5f2a75b1949f50a0caf5cd603558e7d8a26e50b933a0cfb79d1/osx-aarch64/libnative-platform.dylib
0x0000000101b84000 	/Users/ritvikbansal/.gradle/native/0.2.8/aarch64-macos/libgradle-fileevents.dylib
0x0000000101b00000 	/Volumes/Extreme 2TB/Applications/Android Studio.app/Contents/jbr/Contents/Home/lib/libmanagement.dylib
0x0000000101b14000 	/Volumes/Extreme 2TB/Applications/Android Studio.app/Contents/jbr/Contents/Home/lib/libmanagement_ext.dylib
0x0000000101b28000 	/Volumes/Extreme 2TB/Applications/Android Studio.app/Contents/jbr/Contents/Home/lib/libextnet.dylib

JVMTI agents:
/Users/ritvikbansal/.gradle/wrapper/dists/gradle-9.4.1-bin/arn2x92ynaizyzdaamcbpbhtj/gradle-9.4.1/lib/agents/gradle-instrumentation-agent-9.4.1.jar path:none, loaded, initialized, instrumentlib options:none


VM Arguments:
jvm_args: --add-opens=java.base/java.lang=ALL-UNNAMED --add-opens=java.base/java.lang.invoke=ALL-UNNAMED --add-opens=java.base/java.util=ALL-UNNAMED --add-opens=java.prefs/java.util.prefs=ALL-UNNAMED --add-exports=jdk.compiler/com.sun.tools.javac.api=ALL-UNNAMED --add-exports=jdk.compiler/com.sun.tools.javac.util=ALL-UNNAMED --add-opens=java.base/java.util=ALL-UNNAMED --add-opens=java.prefs/java.util.prefs=ALL-UNNAMED --add-opens=java.base/java.nio.charset=ALL-UNNAMED --add-opens=java.base/java.net=ALL-UNNAMED --add-opens=java.base/java.util.concurrent=ALL-UNNAMED --add-opens=java.base/java.util.concurrent.atomic=ALL-UNNAMED --add-opens=java.xml/javax.xml.namespace=ALL-UNNAMED --add-opens=java.base/java.time=ALL-UNNAMED -Xmx2048m -Dfile.encoding=UTF-8 -Duser.country=GB -Duser.language=en -Duser.variant -javaagent:/Users/ritvikbansal/.gradle/wrapper/dists/gradle-9.4.1-bin/arn2x92ynaizyzdaamcbpbhtj/gradle-9.4.1/lib/agents/gradle-instrumentation-agent-9.4.1.jar 
java_command: org.gradle.launcher.daemon.bootstrap.GradleDaemon 9.4.1
java_class_path (initial): /Users/ritvikbansal/.gradle/wrapper/dists/gradle-9.4.1-bin/arn2x92ynaizyzdaamcbpbhtj/gradle-9.4.1/lib/gradle-daemon-main-9.4.1.jar
Launcher Type: SUN_STANDARD

[Global flags]

[error occurred during error reporting (printing flags), id 0xa, SIGBUS (0xa) at pc=0x0000000182a0e73c]
Logging:
Log output configuration:
 #0: stdout all=warning uptime,level,tags foldmultilines=false
 #1: stderr all=off uptime,level,tags foldmultilines=false

Release file:
JAVA_VERSION="21.0.10"
MODULES="java.base java.compiler java.datatransfer java.xml java.prefs java.desktop java.instrument java.logging java.management java.security.sasl java.naming java.rmi java.management.rmi java.net.http java.scripting java.security.jgss java.transaction.xa java.sql java.sql.rowset java.xml.crypto java.se java.smartcardio jdk.accessibility jdk.internal.jvmstat jdk.attach jdk.charsets jdk.internal.opt jdk.zipfs jdk.compiler jdk.crypto.ec jdk.crypto.cryptoki jdk.dynalink jdk.hotspot.agent jdk.httpserver jdk.internal.ed jdk.internal.le jdk.internal.vm.ci jdk.jartool jdk.javadoc jdk.jcmd jdk.jdeps jdk.jdwp.agent jdk.jdi jdk.jfr jdk.jlink jdk.jsobject jdk.localedata jdk.management jdk.management.agent jdk.management.jfr jdk.naming.dns jdk.naming.rmi jdk.net jdk.sctp jdk.security.auth jdk.security.jgss jdk.unsupported jdk.unsupported.desktop jdk.xml.dom"
IMPLEMENTOR="JetBrains s.r.o."
JAVA_RUNTIME_VERSION="21.0.10+-117844308-b1163.108"
LIBC="default"
OS_ARCH="aarch64"
OS_NAME="Darwin"
SOURCE=".:git:1351622c2ff2"

Environment Variables:
PATH=/Users/ritvikbansal/.antigravity-ide/antigravity-ide/bin:/Users/ritvikbansal/.antigravity/antigravity/bin:/Users/ritvikbansal/.local/bin:/usr/local/bin:/System/Cryptexes/App/usr/bin:/usr/bin:/bin:/usr/sbin:/sbin:/var/run/com.apple.security.cryptexd/codex.system/bootstrap/usr/local/bin:/var/run/com.apple.security.cryptexd/codex.system/bootstrap/usr/bin:/var/run/com.apple.security.cryptexd/codex.system/bootstrap/usr/appleinternal/bin:/pkg/env/global/bin:/Library/Apple/usr/bin:/usr/local/share/dotnet:~/.dotnet/tools:/opt/homebrew/bin:/Users/ritvikbansal/.lmstudio/bin
SHELL=/bin/zsh
LANG=C.UTF-8
TMPDIR=/var/folders/d8/qbq1_f6d3vbf6gn085nj0kkr0000gn/T/

Active Locale:
LC_ALL=C
LC_COLLATE=C
LC_CTYPE=C
LC_MESSAGES=C
LC_MONETARY=C
LC_NUMERIC=C
LC_TIME=C

Signal Handlers:
   SIGSEGV: 
[error occurred during error reporting (printing signal handlers), id 0xa, SIGBUS (0xa) at pc=0x000000018267e03c]

Periodic native trim disabled

JNI global refs:
JNI global refs: 29, weak refs: 0

JNI global refs memory usage: 835, weak refs: 833

Process memory usage:
Resident Set Size: 323952K (1% of 16777216K total physical memory with 2145600K free physical memory)

OOME stack traces (most recent first):
Classloader memory used:
Loader org.gradle.internal.classloader.VisitableURLClassLoader                         : 105M
Loader bootstrap                                                                       : 30426K
Loader org.gradle.internal.classloader.VisitableURLClassLoader$InstrumentingVisitableURLClassLoader: 27606K
Loader org.gradle.initialization.MixInLegacyTypesClassLoader                           : 12741K
Loader org.gradle.internal.classloader.VisitableURLClassLoader                         : 1950K
Loader jdk.internal.loader.ClassLoaders$PlatformClassLoader                            : 518K
Loader jdk.internal.reflect.DelegatingClassLoader                                      : 436K
Loader jdk.internal.jrtfs.JrtFileSystemProvider$JrtFsLoader                            : 338K
Loader jdk.internal.loader.ClassLoaders$AppClassLoader                                 : 189K
Loader org.gradle.groovy.scripts.internal.DefaultScriptCompilationHandler$ScriptClassLoader: 92408B

Classes loaded by more than one classloader:
Class Program                                                                         : loaded 5 times (x 72B)
Class org.gradle.internal.Cast                                                        : loaded 3 times (x 71B)
Class org.gradle.api.Action                                                           : loaded 3 times (x 70B)
Class com.google.common.collect.AbstractIndexedListIterator                           : loaded 3 times (x 96B)
Class com.google.common.collect.Lists$StringAsImmutableList                           : loaded 3 times (x 207B)
Class com.google.common.collect.ImmutableCollection                                   : loaded 3 times (x 125B)
Class com.google.common.collect.Iterators$1                                           : loaded 3 times (x 81B)
Class Build_gradle                                                                    : loaded 3 times (x 126B)
Class com.google.common.collect.Iterators$9                                           : loaded 3 times (x 81B)
Class com.google.common.collect.AbstractIterator                                      : loaded 3 times (x 82B)
Class com.google.common.collect.Iterators$5                                           : loaded 3 times (x 82B)
Class com.google.common.collect.Iterators                                             : loaded 3 times (x 71B)
Class com.google.common.collect.Iterators$MergingIterator                             : loaded 3 times (x 81B)
Class com.google.common.base.Preconditions                                            : loaded 3 times (x 71B)
Class com.google.common.collect.Lists                                                 : loaded 3 times (x 71B)
Class com.google.common.collect.ImmutableList                                         : loaded 3 times (x 206B)
Class com.google.common.collect.UnmodifiableIterator                                  : loaded 3 times (x 80B)
Class org.gradle.internal.IoActions                                                   : loaded 3 times (x 71B)
Class org.gradle.api.GradleException                                                  : loaded 3 times (x 82B)
Class com.google.common.collect.Iterators$4                                           : loaded 3 times (x 82B)
Class com.google.common.collect.Multimap                                              : loaded 3 times (x 70B)
Class com.google.common.collect.Iterators$SingletonIterator                           : loaded 3 times (x 81B)
Class com.google.common.collect.PeekingIterator                                       : loaded 3 times (x 70B)
Class com.google.common.collect.UnmodifiableListIterator                              : loaded 3 times (x 95B)
Class com.google.common.collect.Iterators$ArrayItr                                    : loaded 3 times (x 97B)
Class io.opentelemetry.api.internal.OtelEncodingUtils                                 : loaded 2 times (x 71B)
Class org.gradle.internal.operations.MultipleBuildOperationFailures                   : loaded 2 times (x 95B)
Class com.google.common.base.Platform$JdkPatternCompiler                              : loaded 2 times (x 75B)
Class org.objectweb.asm.MethodTooLargeException                                       : loaded 2 times (x 83B)
Class [Lcom.google.common.cache.CacheBuilder$OneWeigher;                              : loaded 2 times (x 69B)
Class com.google.common.base.Suppliers                                                : loaded 2 times (x 71B)
Class io.opentelemetry.api.GlobalOpenTelemetry                                        : loaded 2 times (x 71B)
Class com.intellij.util.containers.IntObjectHashMap$ArrayProducer                     : loaded 2 times (x 70B)
Class org.gradle.internal.classloader.DefaultClassLoaderFactory                       : loaded 2 times (x 82B)
Class io.opentelemetry.context.Scope                                                  : loaded 2 times (x 70B)
Class kotlin.collections.AbstractList$Companion                                       : loaded 2 times (x 71B)
Class [Lcom.google.common.collect.ImmutableMapEntry;                                  : loaded 2 times (x 69B)
Class org.jetbrains.plugins.gradle.tooling.serialization.internal.IdeaProjectSerializationService: loaded 2 times (x 77B)
Class com.google.common.collect.ListMultimap                                          : loaded 2 times (x 70B)
Class com.google.common.collect.ImmutableEnumMap                                      : loaded 2 times (x 126B)
Class org.gradle.tooling.internal.gradle.DefaultProjectIdentifier                     : loaded 2 times (x 86B)
Class com.google.common.collect.Sets$1                                                : loaded 2 times (x 139B)
Class org.objectweb.asm.AnnotationVisitor                                             : loaded 2 times (x 78B)
Class com.intellij.gradle.toolingExtension.impl.model.buildScriptClasspathModel.GradleBuildScriptClasspathSerializationService$ReadContext: loaded 2 times (x 72B)
Class org.gradle.api.internal.DefaultClassPathProvider                                : loaded 2 times (x 76B)
Class com.google.common.collect.Sets$2                                                : loaded 2 times (x 139B)
Class [Lorg.gradle.api.internal.ClassPathProvider;                                    : loaded 2 times (x 69B)
Class org.gradle.api.internal.ClassPathProvider                                       : loaded 2 times (x 70B)
Class [Lorg.objectweb.asm.AnnotationVisitor;                                          : loaded 2 times (x 69B)
Class com.google.common.collect.Sets$3                                                : loaded 2 times (x 139B)
Class com.google.common.cache.LocalCache$LocalLoadingCache                            : loaded 2 times (x 134B)
Class org.gradle.internal.service.UnknownServiceException                             : loaded 2 times (x 83B)
Class com.google.common.collect.Sets$4                                                : loaded 2 times (x 139B)
Class org.objectweb.asm.ModuleVisitor                                                 : loaded 2 times (x 81B)
Class com.google.common.cache.LocalCache$Strength$1                                   : loaded 2 times (x 81B)
Class org.jetbrains.kotlin.idea.gradleTooling.KotlinDslScriptAdditionalTask           : loaded 2 times (x 70B)
Class org.jetbrains.plugins.gradle.model.ClasspathEntryModel                          : loaded 2 times (x 70B)
Class sync_studio_tooling_6mwdam6qxjbnpb4mvyvozpfik                                   : loaded 2 times (x 171B)
Class com.google.common.util.concurrent.SettableFuture                                : loaded 2 times (x 114B)
Class com.google.common.cache.LocalCache$Strength$2                                   : loaded 2 times (x 81B)
Class com.intellij.platform.diagnostic.telemetry.rt.context.TelemetryContextGetter    : loaded 2 times (x 75B)
Class org.jetbrains.plugins.gradle.tooling.serialization.GradleExtensionsSerializationService: loaded 2 times (x 77B)
Class org.gradle.tooling.model.Dependency                                             : loaded 2 times (x 70B)
Class com.google.common.cache.LocalCache$Strength$3                                   : loaded 2 times (x 81B)
Class com.google.common.collect.MapDifference                                         : loaded 2 times (x 70B)
Class com.intellij.openapi.externalSystem.model.project.dependencies.ResolutionState  : loaded 2 times (x 79B)
Class kotlin.collections.CollectionsKt__CollectionsKt                                 : loaded 2 times (x 71B)
Class org.objectweb.asm.FieldWriter                                                   : loaded 2 times (x 78B)
Class com.google.common.cache.CacheBuilder$NullListener                               : loaded 2 times (x 82B)
Class org.gradle.internal.classpath.TransformedClassPath                              : loaded 2 times (x 96B)
Class org.gradle.internal.classloader.InstrumentingClassLoader                        : loaded 2 times (x 70B)
Class com.google.common.cache.CacheLoader$FunctionToCacheLoader                       : loaded 2 times (x 75B)
Class com.google.common.collect.ImmutableCollection$Builder                           : loaded 2 times (x 76B)
Class kotlin.enums.EnumEntriesList                                                    : loaded 2 times (x 223B)
Class com.google.common.base.Joiner                                                   : loaded 2 times (x 79B)
Class com.google.common.base.MoreObjects                                              : loaded 2 times (x 71B)
Class kotlin.collections.CollectionsKt__IteratorsJVMKt                                : loaded 2 times (x 71B)
Class com.google.common.collect.Platform                                              : loaded 2 times (x 71B)
Class [Lorg.objectweb.asm.Type;                                                       : loaded 2 times (x 69B)
Class org.jetbrains.kotlin.idea.gradleTooling.KotlinSourceSetContainer                : loaded 2 times (x 70B)
Class io.opentelemetry.context.ContextStorageWrappers                                 : loaded 2 times (x 71B)
Class io.opentelemetry.context.propagation.DefaultContextPropagators                  : loaded 2 times (x 75B)
Class org.jetbrains.plugins.gradle.model.IntelliJSettings                             : loaded 2 times (x 70B)
Class kotlin.Result                                                                   : loaded 2 times (x 72B)
Class org.gradle.internal.service.ServiceLocator                                      : loaded 2 times (x 70B)
Class com.google.common.base.Ascii                                                    : loaded 2 times (x 71B)
Class com.google.common.collect.SingletonImmutableBiMap                               : loaded 2 times (x 143B)
Class com.google.common.cache.LocalCache$1                                            : loaded 2 times (x 89B)
Class com.google.common.collect.AbstractMapEntry                                      : loaded 2 times (x 81B)
Class jdk.internal.jrtfs.JrtFileSystemProvider                                        : loaded 2 times (x 101B)
Class com.intellij.gradle.toolingExtension.util.GradleVersionUtil                     : loaded 2 times (x 71B)
Class org.gradle.tooling.model.UnsupportedMethodException                             : loaded 2 times (x 82B)
Class com.google.common.collect.Sets$ImprovedAbstractSet                              : loaded 2 times (x 135B)
Class com.google.common.collect.ImmutableList$Builder                                 : loaded 2 times (x 77B)
Class com.google.common.collect.AbstractMultimap                                      : loaded 2 times (x 123B)
Class com.google.common.cache.LocalCache$2                                            : loaded 2 times (x 142B)
Class kotlin.collections.CollectionsKt__MutableCollectionsKt                          : loaded 2 times (x 71B)
Class com.google.common.collect.RegularImmutableAsList                                : loaded 2 times (x 217B)
Class io.opentelemetry.api.trace.SpanContext                                          : loaded 2 times (x 70B)
Class io.opentelemetry.api.trace.DefaultTracer$NoopSpanBuilder                        : loaded 2 times (x 91B)
Class org.jetbrains.plugins.gradle.tooling.serialization.AnnotationProcessingModelSerializationService$WriteContext: loaded 2 times (x 72B)
Class com.google.common.util.concurrent.AbstractFuture$Trusted                        : loaded 2 times (x 70B)
Class com.intellij.compose.ide.plugin.gradleTooling.rt.ComposeResourcesModel          : loaded 2 times (x 70B)
Class org.jetbrains.plugins.gradle.tooling.serialization.ProjectDependenciesSerializationService$WriteContext: loaded 2 times (x 72B)
Class org.jetbrains.plugins.gradle.tooling.serialization.ProjectDependenciesSerializationService: loaded 2 times (x 77B)
Class org.gradle.tooling.internal.adapter.CollectionMapper                            : loaded 2 times (x 73B)
Class com.google.common.util.concurrent.UncheckedExecutionException                   : loaded 2 times (x 82B)
Class org.gradle.kotlin.dsl.VersionCatalogAccessorsKt                                 : loaded 2 times (x 71B)
Class jdk.internal.jimage.ImageLocation                                               : loaded 2 times (x 90B)
Class io.opentelemetry.api.trace.DefaultTracerProvider                                : loaded 2 times (x 79B)
Class gnu.trove.THash                                                                 : loaded 2 times (x 81B)
Class com.intellij.gradle.toolingExtension.impl.model.buildScriptClasspathModel.GradleBuildScriptClasspathSerializationService$WriteContext: loaded 2 times (x 72B)
Class org.gradle.tooling.internal.adapter.ProtocolToModelAdapter                      : loaded 2 times (x 80B)
Class com.google.common.collect.AbstractMapBasedMultimap$KeySet$1                     : loaded 2 times (x 82B)
Class com.google.common.base.CharMatcher$And                                          : loaded 2 times (x 112B)
Class org.objectweb.asm.ClassWriter                                                   : loaded 2 times (x 106B)
Class com.google.common.cache.CacheLoader$UnsupportedLoadingOperationException        : loaded 2 times (x 82B)
Class jdk.internal.jimage.ImageBufferCache$1                                          : loaded 2 times (x 83B)
Class [Lio.opentelemetry.context.ThreadLocalContextStorage$NoopScope;                 : loaded 2 times (x 69B)
Class io.opentelemetry.context.ThreadLocalContextStorage$NoopScope                    : loaded 2 times (x 85B)
Class org.gradle.internal.time.DefaultTimer                                           : loaded 2 times (x 80B)
Class com.google.common.base.Objects                                                  : loaded 2 times (x 71B)
Class org.objectweb.asm.FieldVisitor                                                  : loaded 2 times (x 77B)
Class com.google.common.collect.IndexedImmutableSet                                   : loaded 2 times (x 152B)
Class com.google.common.collect.ImmutableMap$1                                        : loaded 2 times (x 81B)
Class com.google.common.collect.BiMap                                                 : loaded 2 times (x 70B)
Class jdk.internal.jimage.ImageBufferCache$2                                          : loaded 2 times (x 91B)
Class io.opentelemetry.context.ImplicitContextKeyed                                   : loaded 2 times (x 70B)
Class org.gradle.api.internal.classpath.DefaultModuleRegistry$DefaultModule           : loaded 2 times (x 82B)
Class com.google.common.primitives.Ints                                               : loaded 2 times (x 71B)
Class io.opentelemetry.context.DefaultContextKey                                      : loaded 2 times (x 72B)
Class com.google.common.collect.ObjectArrays                                          : loaded 2 times (x 71B)
Class com.google.common.math.MathPreconditions                                        : loaded 2 times (x 71B)
Class com.google.common.collect.Multiset                                              : loaded 2 times (x 70B)
Class com.google.common.collect.ArrayListMultimapGwtSerializationDependencies         : loaded 2 times (x 172B)
Class org.jetbrains.plugins.gradle.model.ExternalTask                                 : loaded 2 times (x 70B)
Class io.opentelemetry.api.internal.IncubatingUtil                                    : loaded 2 times (x 71B)
Class io.opentelemetry.api.GlobalOpenTelemetry$ObfuscatedOpenTelemetry                : loaded 2 times (x 92B)
Class ijInit1_bgpyv8x1lnueiww4l8z2vx8zq                                               : loaded 2 times (x 171B)
Class kotlin.Result$Failure                                                           : loaded 2 times (x 72B)
Class org.gradle.internal.time.DefaultCountdownTimer                                  : loaded 2 times (x 88B)
Class com.google.common.collect.ImmutableMapEntrySet                                  : loaded 2 times (x 152B)
Class org.jetbrains.plugins.gradle.model.GradleTaskModel                              : loaded 2 times (x 70B)
Class org.jetbrains.plugins.gradle.tooling.util.ObjectCollector                       : loaded 2 times (x 72B)
Class org.gradle.tooling.internal.gradle.DefaultBuildIdentifier                       : loaded 2 times (x 79B)
Class org.gradle.api.internal.classpath.Module                                        : loaded 2 times (x 70B)
Class com.google.common.cache.Weigher                                                 : loaded 2 times (x 70B)
Class com.intellij.openapi.externalSystem.model.project.IExternalSystemSourceType     : loaded 2 times (x 70B)
Class org.gradle.api.internal.classpath.UnknownModuleException                        : loaded 2 times (x 82B)
Class com.google.common.base.Stopwatch                                                : loaded 2 times (x 72B)
Class com.google.common.cache.LocalCache$Strength                                     : loaded 2 times (x 81B)
Class com.google.common.cache.Cache                                                   : loaded 2 times (x 70B)
Class jdk.internal.jimage.ImageHeader                                                 : loaded 2 times (x 71B)
Class io.opentelemetry.api.trace.TraceStateBuilder                                    : loaded 2 times (x 70B)
Class com.intellij.openapi.externalSystem.model.project.dependencies.ProjectDependencies: loaded 2 times (x 70B)
Class org.jetbrains.plugins.gradle.tooling.serialization.ProjectDependenciesSerializationService$ReadContext: loaded 2 times (x 72B)
Class com.google.common.util.concurrent.AbstractFuture$Cancellation                   : loaded 2 times (x 72B)
Class com.google.common.collect.ImmutableMap$Builder                                  : loaded 2 times (x 82B)
Class com.google.common.cache.RemovalListener                                         : loaded 2 times (x 70B)
Class org.jetbrains.plugins.gradle.tooling.serialization.RepositoriesModelSerializationService: loaded 2 times (x 82B)
Class org.gradle.tooling.internal.gradle.GradleProjectIdentity                        : loaded 2 times (x 70B)
Class org.gradle.api.internal.DefaultClassPathRegistry                                : loaded 2 times (x 76B)
Class com.google.common.primitives.IntsMethodsForWeb                                  : loaded 2 times (x 71B)
Class io.opentelemetry.api.internal.AutoValue_ImmutableSpanContext                    : loaded 2 times (x 92B)
Class org.jetbrains.plugins.gradle.tooling.serialization.RepositoriesModelSerializationService$ReadContext: loaded 2 times (x 72B)
Class org.gradle.internal.classpath.DefaultClassPath$ImmutableUniqueList              : loaded 2 times (x 199B)
Class org.gradle.api.internal.ClassPathRegistry                                       : loaded 2 times (x 70B)
Class com.google.common.base.ExtraObjectsMethodsForWeb                                : loaded 2 times (x 71B)
Class jdk.internal.jimage.decompressor.ResourceDecompressor                           : loaded 2 times (x 70B)
Class com.intellij.gradle.toolingExtension.impl.model.projectModel.GradleExternalProjectSerializationService$WriteContext: loaded 2 times (x 73B)
Class com.google.common.cache.CacheBuilder                                            : loaded 2 times (x 72B)
Class com.google.common.collect.SingletonImmutableList                                : loaded 2 times (x 207B)
Class Settings_gradle$1                                                               : loaded 2 times (x 74B)
Class io.opentelemetry.api.trace.ImmutableTraceFlags                                  : loaded 2 times (x 77B)
Class org.gradle.internal.classpath.ClassPath                                         : loaded 2 times (x 70B)
Class com.google.common.base.JdkPattern                                               : loaded 2 times (x 75B)
Class com.google.common.collect.ImmutableList$ReverseImmutableList                    : loaded 2 times (x 209B)
Class org.jetbrains.plugins.gradle.tooling.serialization.KotlinDslScriptsModelSerializationService: loaded 2 times (x 81B)
Class org.objectweb.asm.SymbolTable$Entry                                             : loaded 2 times (x 74B)
Class org.jetbrains.kotlin.idea.gradleTooling.KotlinGradleModel                       : loaded 2 times (x 70B)
Class [Lio.opentelemetry.api.trace.TraceFlags;                                        : loaded 2 times (x 69B)
Class [Lio.opentelemetry.context.ContextStorage;                                      : loaded 2 times (x 69B)
Class com.intellij.platform.diagnostic.telemetry.rt.context.TelemetryContext          : loaded 2 times (x 134B)
Class org.jetbrains.plugins.gradle.tooling.serialization.ExternalTestsSerializationService$WriteContext: loaded 2 times (x 72B)
Class org.gradle.api.internal.classpath.DefaultModuleRegistry$DefaultModuleAlias      : loaded 2 times (x 80B)
Class org.objectweb.asm.Edge                                                          : loaded 2 times (x 72B)
Class com.google.common.base.Suppliers$SupplierOfInstance                             : loaded 2 times (x 79B)
Class jdk.internal.jimage.ImageStringsReader                                          : loaded 2 times (x 80B)
Class io.opentelemetry.context.ThreadLocalContextStorage                              : loaded 2 times (x 85B)
Class org.gradle.tooling.model.Model                                                  : loaded 2 times (x 70B)
Class com.google.common.cache.LocalCache$ComputingValueReference                      : loaded 2 times (x 96B)
Class com.google.common.collect.SingletonImmutableSet                                 : loaded 2 times (x 146B)
Class com.google.common.collect.ImmutableMap$IteratorBasedImmutableMap                : loaded 2 times (x 126B)
Class kotlin.UninitializedPropertyAccessException                                     : loaded 2 times (x 82B)
Class com.google.common.cache.LocalCache$Segment                                      : loaded 2 times (x 154B)
Class jdk.internal.jimage.ImageReader                                                 : loaded 2 times (x 75B)
Class io.opentelemetry.context.Context                                                : loaded 2 times (x 70B)
Class org.jetbrains.plugins.gradle.model.IntelliJProjectSettings                      : loaded 2 times (x 70B)
Class org.gradle.tooling.internal.adapter.ProtocolToModelAdapter$MethodInvocationCache: loaded 2 times (x 73B)
Class com.google.common.collect.AbstractListMultimap                                  : loaded 2 times (x 172B)
Class [Lorg.objectweb.asm.SymbolTable$Entry;                                          : loaded 2 times (x 69B)
Class com.google.common.cache.CacheLoader                                             : loaded 2 times (x 74B)
Class com.google.common.collect.ImmutableBiMap                                        : loaded 2 times (x 143B)
Class jdk.internal.jimage.ImageReader$SharedImageReader                               : loaded 2 times (x 95B)
Class org.jetbrains.plugins.gradle.model.ExternalDependency                           : loaded 2 times (x 70B)
Class com.intellij.util.containers.IntObjectHashMap                                   : loaded 2 times (x 72B)
Class org.gradle.api.internal.classpath.ModuleRegistry                                : loaded 2 times (x 70B)
Class org.gradle.internal.installation.GradleInstallation$1                           : loaded 2 times (x 75B)
Class com.google.common.collect.ImmutableSet$JdkBackedSetBuilderImpl                  : loaded 2 times (x 76B)
Class com.google.common.util.concurrent.internal.InternalFutureFailureAccess          : loaded 2 times (x 72B)
Class jdk.internal.jimage.decompressor.ResourceDecompressorFactory                    : loaded 2 times (x 74B)
Class org.jetbrains.plugins.gradle.model.VersionCatalogsModel                         : loaded 2 times (x 70B)
Class com.intellij.gradle.toolingExtension.impl.model.sourceSetDependencyModel.GradleSourceSetDependencySerialisationService$SourceSetDependencyModelReadContext: loaded 2 times (x 72B)
Class com.intellij.gradle.toolingExtension.impl.model.dependencyModel.DependencyReadContext: loaded 2 times (x 72B)
Class org.gradle.tooling.internal.adapter.ObjectGraphAdapter                          : loaded 2 times (x 70B)
Class com.google.common.base.CharMatcher$ForPredicate                                 : loaded 2 times (x 112B)
Class com.google.common.cache.LocalCache$LocalManualCache$1                           : loaded 2 times (x 75B)
Class org.jetbrains.plugins.gradle.model.ExternalSourceSet                            : loaded 2 times (x 70B)
Class com.intellij.gradle.toolingExtension.impl.model.warmUp.GradleTaskWarmUpRequest  : loaded 2 times (x 70B)
Class com.google.common.base.CharMatcher$AnyOf                                        : loaded 2 times (x 112B)
Class jdk.internal.jimage.ImageReader$Node                                            : loaded 2 times (x 84B)
Class com.intellij.gradle.toolingExtension.impl.model.sourceSetArtifactIndex.GradleSourceSetArtifactBuildRequest: loaded 2 times (x 70B)
Class kotlin.collections.CollectionsKt__CollectionsJVMKt                              : loaded 2 times (x 71B)
Class org.gradle.api.internal.classpath.DefaultModuleRegistry                         : loaded 2 times (x 84B)
Class com.google.common.util.concurrent.ListenableFuture                              : loaded 2 times (x 70B)
Class com.google.common.cache.ReferenceEntry                                          : loaded 2 times (x 70B)
Class com.google.common.base.Converter                                                : loaded 2 times (x 90B)
Class com.google.common.collect.ImmutableSet$CachingAsList                            : loaded 2 times (x 148B)
Class jdk.internal.jimage.BasicImageReader$1                                          : loaded 2 times (x 77B)
Class org.jetbrains.plugins.gradle.tooling.serialization.internal.IdeaProjectSerializationService$WriteContext$1: loaded 2 times (x 83B)
Class org.jetbrains.plugins.gradle.model.ExternalProject                              : loaded 2 times (x 70B)
Class kotlin.collections.CollectionsKt__IteratorsKt                                   : loaded 2 times (x 71B)
Class com.google.common.collect.AbstractMapBasedMultimap                              : loaded 2 times (x 139B)
Class com.google.common.util.concurrent.AbstractFuture                                : loaded 2 times (x 106B)
Class com.google.common.base.FunctionalEquivalence                                    : loaded 2 times (x 83B)
Class com.google.common.collect.ImmutableAsList                                       : loaded 2 times (x 209B)
Class org.jetbrains.plugins.gradle.tooling.serialization.internal.IdeaProjectSerializationService$WriteContext$2: loaded 2 times (x 83B)
Class org.objectweb.asm.RecordComponentVisitor                                        : loaded 2 times (x 77B)
Class com.google.common.cache.CacheLoader$SupplierToCacheLoader                       : loaded 2 times (x 75B)
Class [Lio.opentelemetry.context.Scope;                                               : loaded 2 times (x 69B)
Class org.jetbrains.plugins.gradle.tooling.serialization.AnnotationProcessingModelSerializationService$ReadContext: loaded 2 times (x 72B)
Class org.jetbrains.plugins.gradle.tooling.serialization.internal.IdeaProjectSerializationService$WriteContext$3: loaded 2 times (x 83B)
Class gnu.trove.TObjectHash$NULL                                                      : loaded 2 times (x 71B)
Class jdk.internal.jimage.decompressor.Decompressor                                   : loaded 2 times (x 72B)
Class com.intellij.gradle.toolingExtension.impl.telemetry.GradleOpenTelemetry         : loaded 2 times (x 72B)
Class org.jetbrains.plugins.gradle.tooling.serialization.internal.IdeaProjectSerializationService$WriteContext$4: loaded 2 times (x 83B)
Class com.intellij.gradle.toolingExtension.impl.model.sourceSetDependencyModel.GradleSourceSetDependencySerialisationService$Companion: loaded 2 times (x 71B)
Class org.gradle.internal.time.MonotonicClock                                         : loaded 2 times (x 77B)
Class org.gradle.internal.service.ServiceLookupException                              : loaded 2 times (x 82B)
Class [Lcom.google.common.cache.LocalCache$EntryFactory;                              : loaded 2 times (x 69B)
Class com.intellij.gradle.toolingExtension.util.GradleVersionSpecificsUtil            : loaded 2 times (x 71B)
Class io.opentelemetry.context.ContextStorage                                         : loaded 2 times (x 70B)
Class org.jetbrains.plugins.gradle.tooling.serialization.internal.IdeaProjectSerializationService$WriteContext$5: loaded 2 times (x 83B)
Class com.intellij.gradle.toolingExtension.impl.model.sourceSetDependencyModel.GradleSourceSetDependencySerialisationService$SourceSetDependencyModelWriteContext: loaded 2 times (x 72B)
Class org.gradle.internal.classloader.ClassLoaderFactory                              : loaded 2 times (x 70B)
Class com.google.common.base.CommonPattern                                            : loaded 2 times (x 74B)
Class com.google.common.base.CharMatcher$IsNot                                        : loaded 2 times (x 111B)
Class com.google.common.cache.LocalCache$LocalManualCache                             : loaded 2 times (x 99B)
Class org.jetbrains.plugins.gradle.tooling.serialization.internal.IdeaProjectSerializationService$WriteContext$6: loaded 2 times (x 83B)
Class org.jetbrains.plugins.gradle.tooling.util.IntObjectMap                          : loaded 2 times (x 73B)
Class org.gradle.internal.service.CachingServiceLocator                               : loaded 2 times (x 82B)
Class com.google.common.collect.AbstractMapBasedMultimap$KeySet                       : loaded 2 times (x 137B)
Class com.google.common.math.IntMath                                                  : loaded 2 times (x 71B)
Class org.jetbrains.plugins.gradle.model.RepositoryModels                             : loaded 2 times (x 70B)
Class org.jetbrains.plugins.gradle.tooling.serialization.internal.IdeaProjectSerializationService$WriteContext$7: loaded 2 times (x 83B)
Class com.google.common.collect.ImmutableMapEntry                                     : loaded 2 times (x 85B)
Class org.jetbrains.plugins.gradle.tooling.serialization.internal.IdeaProjectSerializationService$WriteContext$8: loaded 2 times (x 83B)
Class gnu.trove.TObjectIntProcedure                                                   : loaded 2 times (x 70B)
Class org.gradle.internal.time.TimeSource                                             : loaded 2 times (x 70B)
Class org.gradle.tooling.model.kotlin.dsl.KotlinDslScriptsModel                       : loaded 2 times (x 70B)
Class com.google.common.base.Equivalence                                              : loaded 2 times (x 82B)
Class com.google.common.base.Function                                                 : loaded 2 times (x 70B)
Class com.google.common.collect.ImmutableMapEntry$NonTerminalImmutableMapEntry        : loaded 2 times (x 85B)
Class org.jetbrains.plugins.gradle.tooling.serialization.SerializationService         : loaded 2 times (x 70B)
Class org.gradle.tooling.internal.gradle.GradleBuildIdentity                          : loaded 2 times (x 70B)
Class kotlin.enums.EnumEntries                                                        : loaded 2 times (x 70B)
Class com.google.common.collect.IndexedImmutableSet$1                                 : loaded 2 times (x 213B)
Class com.google.common.cache.CacheBuilder$OneWeigher                                 : loaded 2 times (x 82B)
Class com.google.common.collect.RegularImmutableList                                  : loaded 2 times (x 213B)
Class org.jetbrains.plugins.gradle.tooling.serialization.internal.adapter.Supplier    : loaded 2 times (x 70B)
Class org.gradle.internal.exceptions.ResolutionProvider                               : loaded 2 times (x 70B)
Class jdk.internal.jimage.ImageBufferCache                                            : loaded 2 times (x 71B)
Class jdk.internal.jrtfs.JrtPath                                                      : loaded 2 times (x 118B)
Class org.gradle.tooling.model.ProjectIdentifier                                      : loaded 2 times (x 70B)
Class org.gradle.internal.classloader.ClasspathUtil                                   : loaded 2 times (x 71B)
Class org.jetbrains.kotlin.tooling.core.HasExtras                                     : loaded 2 times (x 70B)
Class com.google.common.util.concurrent.Uninterruptibles                              : loaded 2 times (x 71B)
Class com.intellij.gradle.toolingExtension.impl.model.sourceSetModel.GradleSourceSetSerialisationService: loaded 2 times (x 77B)
Class sync_studio_tooling_6mwdam6qxjbnpb4mvyvozpfik$_run_closure1                     : loaded 2 times (x 139B)
Class com.google.common.util.concurrent.LazyLogger                                    : loaded 2 times (x 72B)
Class com.google.common.collect.Maps                                                  : loaded 2 times (x 71B)
Class io.opentelemetry.context.propagation.TextMapGetter                              : loaded 2 times (x 70B)
Class org.gradle.internal.time.TimeSource$1                                           : loaded 2 times (x 77B)
Class kotlin.jvm.internal.DefaultConstructorMarker                                    : loaded 2 times (x 71B)
Class org.gradle.api.specs.Spec                                                       : loaded 2 times (x 70B)
Class [Lcom.google.common.collect.ImmutableEntry;                                     : loaded 2 times (x 69B)
Class io.opentelemetry.context.ThreadLocalContextStorage$ScopeImpl                    : loaded 2 times (x 79B)
Class com.google.common.cache.LocalCache$LoadingValueReference                        : loaded 2 times (x 96B)
Class com.intellij.gradle.toolingExtension.impl.model.buildScriptClasspathModel.GradleBuildScriptClasspathSerializationService: loaded 2 times (x 77B)
Class com.google.common.base.Platform                                                 : loaded 2 times (x 71B)
Class jdk.internal.jimage.decompressor.ResourceDecompressorRepository                 : loaded 2 times (x 71B)
Class org.jetbrains.plugins.gradle.model.FileCollectionDependency                     : loaded 2 times (x 70B)
Class io.opentelemetry.api.trace.SpanBuilder                                          : loaded 2 times (x 70B)
Class io.opentelemetry.api.DefaultOpenTelemetry                                       : loaded 2 times (x 89B)
Class com.intellij.gradle.toolingExtension.impl.model.utilDummyModel.DummyModel       : loaded 2 times (x 70B)
Class org.gradle.internal.time.Clock                                                  : loaded 2 times (x 70B)
Class [Lorg.objectweb.asm.AnnotationWriter;                                           : loaded 2 times (x 69B)
Class com.google.common.collect.Maps$8                                                : loaded 2 times (x 82B)
Class jdk.internal.jimage.ImageReader$Directory                                       : loaded 2 times (x 84B)
Class io.opentelemetry.context.propagation.TextMapPropagator                          : loaded 2 times (x 70B)
Class org.jetbrains.plugins.gradle.model.GradleSourceSetDependencyModel               : loaded 2 times (x 70B)
Class org.gradle.tooling.internal.adapter.TypeInspector                               : loaded 2 times (x 73B)
Class org.gradle.tooling.internal.adapter.ProtocolToModelAdapter$NoOpDecoration       : loaded 2 times (x 79B)
Class org.gradle.tooling.model.Element                                                : loaded 2 times (x 70B)
Class kotlin.collections.AbstractList                                                 : loaded 2 times (x 197B)
Class kotlin.collections.AbstractCollection                                           : loaded 2 times (x 117B)
Class com.google.common.collect.Sets$SetView                                          : loaded 2 times (x 138B)
Class org.jetbrains.kotlin.tooling.core.Extras                                        : loaded 2 times (x 70B)
Class com.google.common.cache.LocalCache$StrongValueReference                         : loaded 2 times (x 90B)
Class io.opentelemetry.context.ArrayBasedContext                                      : loaded 2 times (x 100B)
Class com.intellij.gradle.toolingExtension.impl.model.taskModel.GradleTaskSerialisationService: loaded 2 times (x 76B)
Class org.objectweb.asm.Type                                                          : loaded 2 times (x 72B)
Class org.jetbrains.plugins.gradle.tooling.util.IntObjectMap$1                        : loaded 2 times (x 77B)
Class org.gradle.internal.classloader.VisitableURLClassLoader$InstrumentingVisitableURLClassLoader: loaded 2 times (x 123B)
Class com.google.common.math.IntMath$1                                                : loaded 2 times (x 71B)
Class org.objectweb.asm.ByteVector                                                    : loaded 2 times (x 79B)
Class [Lcom.google.common.cache.CacheBuilder$NullListener;                            : loaded 2 times (x 69B)
Class io.opentelemetry.api.trace.SpanId                                               : loaded 2 times (x 71B)
Class org.gradle.internal.classloader.VisitableURLClassLoader$Spec                    : loaded 2 times (x 74B)
Class org.gradle.internal.classpath.DefaultClassPath                                  : loaded 2 times (x 90B)
Class org.objectweb.asm.Symbol                                                        : loaded 2 times (x 73B)
Class jdk.internal.jimage.decompressor.ZipDecompressorFactory                         : loaded 2 times (x 74B)
Class org.jetbrains.plugins.gradle.model.GradleBuildScriptClasspathModel              : loaded 2 times (x 70B)
Class kotlin.Result$Companion                                                         : loaded 2 times (x 71B)
Class org.gradle.util.internal.DefaultGradleVersion                                   : loaded 2 times (x 82B)
Class com.google.common.base.CharMatcher$BitSetMatcher                                : loaded 2 times (x 112B)
Class com.google.common.collect.RegularImmutableMap$Values                            : loaded 2 times (x 207B)
Class com.google.common.collect.ImmutableSet                                          : loaded 2 times (x 145B)
Class [Lio.opentelemetry.context.ThreadLocalContextStorage;                           : loaded 2 times (x 69B)
Class org.gradle.internal.classloader.ClassLoaderSpec                                 : loaded 2 times (x 71B)
Class org.objectweb.asm.AnnotationWriter                                              : loaded 2 times (x 79B)
Class com.google.common.cache.CacheStats                                              : loaded 2 times (x 71B)
Class kotlin.collections.CollectionsKt___CollectionsJvmKt                             : loaded 2 times (x 71B)
Class com.google.common.base.CharMatcher$Or                                           : loaded 2 times (x 112B)
Class org.objectweb.asm.RecordComponentWriter                                         : loaded 2 times (x 78B)
Class com.google.common.util.concurrent.AbstractFuture$Listener                       : loaded 2 times (x 72B)
Class Settings_gradle$1$1                                                             : loaded 2 times (x 74B)
Class io.opentelemetry.api.trace.Tracer                                               : loaded 2 times (x 70B)
Class ijInit1_bgpyv8x1lnueiww4l8z2vx8zq$_run_closure1                                 : loaded 2 times (x 140B)
Class org.gradle.api.internal.classpath.Module$ModuleAlias                            : loaded 2 times (x 70B)
Class org.objectweb.asm.Attribute                                                     : loaded 2 times (x 77B)
Class com.google.common.base.Supplier                                                 : loaded 2 times (x 70B)
Class io.opentelemetry.api.trace.ArrayBasedTraceState                                 : loaded 2 times (x 86B)
Class io.opentelemetry.context.ContextKey                                             : loaded 2 times (x 70B)
Class io.opentelemetry.context.propagation.TextMapSetter                              : loaded 2 times (x 70B)
Class org.gradle.internal.classloader.VisitableURLClassLoader                         : loaded 2 times (x 117B)
Class Settings_gradle                                                                 : loaded 2 times (x 124B)
Class org.jetbrains.plugins.gradle.tooling.serialization.ExternalTestsSerializationService$ReadContext: loaded 2 times (x 72B)
Class org.gradle.tooling.model.idea.IdeaDependency                                    : loaded 2 times (x 70B)
Class com.google.common.base.Strings                                                  : loaded 2 times (x 71B)
Class com.google.common.collect.Sets                                                  : loaded 2 times (x 71B)
Class org.objectweb.asm.Handler                                                       : loaded 2 times (x 72B)
Class com.google.common.base.CharMatcher$FastMatcher                                  : loaded 2 times (x 111B)
Class com.google.common.base.Ticker                                                   : loaded 2 times (x 72B)
Class jdk.internal.jimage.decompressor.ZipDecompressor                                : loaded 2 times (x 75B)
Class [Lcom.google.common.cache.LocalCache$Segment;                                   : loaded 2 times (x 69B)
Class com.google.common.base.Predicate                                                : loaded 2 times (x 70B)
Class [Lcom.google.common.cache.LocalCache$Strength;                                  : loaded 2 times (x 69B)
Class com.google.common.cache.CacheBuilder$1                                          : loaded 2 times (x 85B)
Class com.google.common.collect.ImmutableMap                                          : loaded 2 times (x 120B)
Class io.opentelemetry.api.trace.ArrayBasedTraceStateBuilder                          : loaded 2 times (x 77B)
Class org.jetbrains.plugins.gradle.tooling.serialization.internal.IdeaProjectSerializationService$WriteContext: loaded 2 times (x 72B)
Class com.intellij.gradle.toolingExtension.impl.model.sourceSetDependencyModel.GradleSourceSetDependencySerialisationService: loaded 2 times (x 77B)
Class org.jetbrains.plugins.gradle.model.GradleSourceSetModel                         : loaded 2 times (x 70B)
Class org.gradle.internal.classpath.DefaultClassPath$ImmutableUniqueList$Builder      : loaded 2 times (x 75B)
Class com.google.common.base.CharMatcher$NegatedFastMatcher                           : loaded 2 times (x 113B)
Class com.google.common.cache.LocalCache                                              : loaded 2 times (x 187B)
Class com.google.common.cache.CacheBuilder$2                                          : loaded 2 times (x 79B)
Class io.opentelemetry.api.trace.TracerProvider                                       : loaded 2 times (x 70B)
Class com.google.common.collect.ArrayListMultimap                                     : loaded 2 times (x 172B)
Class com.google.common.cache.CacheBuilder$3                                          : loaded 2 times (x 72B)
Class [Lcom.google.common.collect.AbstractMapEntry;                                   : loaded 2 times (x 69B)
Class com.google.common.collect.ImmutableEntry                                        : loaded 2 times (x 82B)
Class io.opentelemetry.api.trace.AutoValue_ArrayBasedTraceState                       : loaded 2 times (x 87B)
Class gnu.trove.TObjectHash                                                           : loaded 2 times (x 94B)
Class org.jetbrains.plugins.gradle.tooling.util.ObjectCollector$Processor             : loaded 2 times (x 70B)
Class kotlin.collections.CollectionsKt___CollectionsKt                                : loaded 2 times (x 71B)
Class org.gradle.internal.exceptions.NonGradleCauseExceptionsHolder                   : loaded 2 times (x 70B)
Class org.gradle.tooling.model.idea.IdeaModuleDependency                              : loaded 2 times (x 70B)
Class org.gradle.tooling.internal.adapter.ViewBuilder                                 : loaded 2 times (x 70B)
Class com.google.common.collect.CollectPreconditions                                  : loaded 2 times (x 71B)
Class jdk.internal.jimage.ImageStrings                                                : loaded 2 times (x 70B)
Class io.opentelemetry.api.trace.TraceState                                           : loaded 2 times (x 70B)
Class org.jetbrains.plugins.gradle.model.AnnotationProcessingConfig                   : loaded 2 times (x 70B)
Class gnu.trove.Equality                                                              : loaded 2 times (x 70B)
Class com.google.common.collect.SortedMapDifference                                   : loaded 2 times (x 70B)
Class io.opentelemetry.context.LazyStorage                                            : loaded 2 times (x 71B)
Class com.google.common.cache.LocalCache$WriteThroughEntry                            : loaded 2 times (x 79B)
Class com.google.common.cache.LocalCache$HashIterator                                 : loaded 2 times (x 86B)
Class com.google.common.cache.LocalCache$EntryFactory                                 : loaded 2 times (x 83B)
Class gnu.trove.TObjectHashingStrategy                                                : loaded 2 times (x 70B)
Class org.gradle.tooling.internal.adapter.ProtocolToModelAdapter$ReflectionMethodInvoker: loaded 2 times (x 76B)
Class org.jetbrains.kotlin.tooling.core.HasMutableExtras                              : loaded 2 times (x 70B)
Class com.google.common.cache.LocalCache$AbstractReferenceEntry                       : loaded 2 times (x 107B)
Class kotlin.collections.CollectionsKt__MutableCollectionsJVMKt                       : loaded 2 times (x 71B)
Class kotlin.enums.EnumEntriesKt                                                      : loaded 2 times (x 71B)
Class org.objectweb.asm.SymbolTable                                                   : loaded 2 times (x 72B)
Class com.google.common.cache.CacheLoader$InvalidCacheLoadException                   : loaded 2 times (x 82B)
Class com.google.common.collect.ImmutableSet$RegularSetBuilderImpl                    : loaded 2 times (x 77B)
Class io.opentelemetry.context.propagation.NoopTextMapPropagator                      : loaded 2 times (x 76B)
Class com.intellij.gradle.toolingExtension.model.repositoryModel.ProjectRepositoriesModel: loaded 2 times (x 70B)
Class org.jetbrains.plugins.gradle.model.GradleProperty                               : loaded 2 times (x 70B)
Class gnu.trove.TObjectCanonicalHashingStrategy                                       : loaded 2 times (x 78B)
Class com.google.common.cache.LocalCache$StrongEntry                                  : loaded 2 times (x 108B)
Class com.google.common.util.concurrent.AbstractFuture$TrustedFuture                  : loaded 2 times (x 114B)
Class com.google.common.cache.LoadingCache                                            : loaded 2 times (x 70B)
Class org.gradle.internal.exceptions.MultiCauseException                              : loaded 2 times (x 70B)
Class org.gradle.internal.time.CountdownTimer                                         : loaded 2 times (x 70B)
Class kotlin.jvm.internal.Intrinsics                                                  : loaded 2 times (x 71B)
Class org.objectweb.asm.MethodWriter                                                  : loaded 2 times (x 106B)
Class [Lcom.google.common.cache.Weigher;                                              : loaded 2 times (x 69B)
Class com.google.common.collect.RegularImmutableMap$BucketOverflowException           : loaded 2 times (x 82B)
Class jdk.internal.jrtfs.JrtFileSystem                                                : loaded 2 times (x 102B)
Class io.opentelemetry.api.trace.Span                                                 : loaded 2 times (x 70B)
Class com.intellij.gradle.toolingExtension.impl.model.projectModel.GradleExternalProjectSerializationService$ReadContext: loaded 2 times (x 73B)
Class com.intellij.gradle.toolingExtension.impl.model.dependencyModel.DependencyWriteContext: loaded 2 times (x 72B)
Class kotlin.collections.CollectionsKt__IterablesKt                                   : loaded 2 times (x 71B)
Class org.gradle.tooling.model.ProjectModel                                           : loaded 2 times (x 70B)
Class jdk.internal.jimage.decompressor.CompressedResourceHeader                       : loaded 2 times (x 71B)
Class kotlin.KotlinNullPointerException                                               : loaded 2 times (x 83B)
Class com.google.common.base.CharMatcher$Is                                           : loaded 2 times (x 111B)
Class com.google.common.base.CharMatcher$Negated                                      : loaded 2 times (x 113B)
Class com.google.common.collect.RegularImmutableBiMap                                 : loaded 2 times (x 149B)
Class com.google.common.cache.LocalCache$ValueReference                               : loaded 2 times (x 70B)
Class io.opentelemetry.api.OpenTelemetry                                              : loaded 2 times (x 70B)
Class org.jetbrains.plugins.gradle.model.tests.ExternalTestsModel                     : loaded 2 times (x 70B)
Class org.gradle.internal.exceptions.DefaultMultiCauseException                       : loaded 2 times (x 95B)
Class com.google.common.base.PatternCompiler                                          : loaded 2 times (x 70B)
Class com.google.common.util.concurrent.AbstractFuture$Failure                        : loaded 2 times (x 72B)
Class com.google.common.base.Equivalence$Equals                                       : loaded 2 times (x 82B)
Class com.google.common.collect.Hashing                                               : loaded 2 times (x 71B)
Class io.opentelemetry.api.trace.PropagatedSpan                                       : loaded 2 times (x 112B)
Class com.intellij.gradle.toolingExtension.impl.model.projectModel.GradleExternalProjectSerializationService: loaded 2 times (x 77B)
Class org.gradle.tooling.model.HierarchicalElement                                    : loaded 2 times (x 70B)
Class com.google.common.base.Joiner$1                                                 : loaded 2 times (x 80B)
Class org.objectweb.asm.Label                                                         : loaded 2 times (x 73B)
Class org.objectweb.asm.CurrentFrame                                                  : loaded 2 times (x 73B)
Class com.google.common.base.CharMatcher                                              : loaded 2 times (x 111B)
Class org.objectweb.asm.ClassTooLargeException                                        : loaded 2 times (x 83B)
Class io.opentelemetry.api.trace.TraceFlags                                           : loaded 2 times (x 70B)
Class org.jetbrains.plugins.gradle.tooling.serialization.ExternalTestsSerializationService: loaded 2 times (x 77B)
Class org.gradle.internal.time.Time                                                   : loaded 2 times (x 71B)
Class com.google.common.base.Joiner$2                                                 : loaded 2 times (x 79B)
Class org.objectweb.asm.Frame                                                         : loaded 2 times (x 73B)
Class com.google.common.base.CharMatcher$1                                            : loaded 2 times (x 113B)
Class com.google.common.base.CharMatcher$NamedFastMatcher                             : loaded 2 times (x 112B)
Class org.objectweb.asm.MethodVisitor                                                 : loaded 2 times (x 105B)
Class com.google.common.cache.LocalCache$EntryFactory$1                               : loaded 2 times (x 83B)
Class [Lcom.google.common.cache.RemovalListener;                                      : loaded 2 times (x 69B)
Class org.jetbrains.plugins.gradle.tooling.serialization.AnnotationProcessingModelSerializationService: loaded 2 times (x 77B)
Class com.google.common.cache.LocalCache$EntryFactory$2                               : loaded 2 times (x 83B)
Class org.jetbrains.plugins.gradle.model.DependencyAccessorsModel                     : loaded 2 times (x 70B)
Class [Lcom.intellij.openapi.externalSystem.model.project.dependencies.ResolutionState;: loaded 2 times (x 69B)
Class gnu.trove.TObjectIntHashMap                                                     : loaded 2 times (x 109B)
Class org.objectweb.asm.ModuleWriter                                                  : loaded 2 times (x 82B)
Class com.google.common.cache.LocalCache$EntryFactory$3                               : loaded 2 times (x 83B)
Class com.google.common.base.Ticker$1                                                 : loaded 2 times (x 72B)
Class com.google.common.collect.Maps$BiMapConverter                                   : loaded 2 times (x 90B)
Class com.google.common.collect.ImmutableMapEntrySet$RegularEntrySet                  : loaded 2 times (x 152B)
Class org.jetbrains.kotlin.idea.gradleTooling.KotlinMPPGradleModel                    : loaded 2 times (x 70B)
Class io.opentelemetry.context.propagation.ContextPropagators                         : loaded 2 times (x 70B)
Class com.intellij.gradle.toolingExtension.impl.model.dependencyDownloadPolicyModel.GradleDependencyDownloadPolicy: loaded 2 times (x 70B)
Class org.gradle.tooling.model.BuildIdentifier                                        : loaded 2 times (x 70B)
Class kotlin.NoWhenBranchMatchedException                                             : loaded 2 times (x 82B)
Class com.google.common.collect.ImmutableSet$Builder                                  : loaded 2 times (x 85B)
Class com.google.common.base.CharMatcher$InRange                                      : loaded 2 times (x 111B)
Class com.google.common.cache.LocalCache$EntryFactory$4                               : loaded 2 times (x 83B)
Class org.jetbrains.kotlin.idea.gradleTooling.PrepareKotlinIdeImportTaskModel         : loaded 2 times (x 70B)
Class com.google.common.cache.LocalCache$EntryFactory$5                               : loaded 2 times (x 83B)
Class com.google.common.cache.LocalCache$EntryFactory$6                               : loaded 2 times (x 83B)
Class org.gradle.internal.time.Timer                                                  : loaded 2 times (x 70B)
Class kotlin.jvm.internal.markers.KMappedMarker                                       : loaded 2 times (x 70B)
Class org.gradle.internal.installation.CurrentGradleInstallationLocator               : loaded 2 times (x 71B)
Class com.google.common.collect.Maps$KeySet                                           : loaded 2 times (x 137B)
Class com.google.common.collect.ImmutableSet$EmptySetBuilderImpl                      : loaded 2 times (x 76B)
Class com.google.common.cache.LocalCache$EntryFactory$7                               : loaded 2 times (x 83B)
Class org.gradle.tooling.model.idea.IdeaProject                                       : loaded 2 times (x 70B)
Class org.gradle.tooling.model.DomainObjectSet                                        : loaded 2 times (x 70B)
Class org.gradle.internal.service.DefaultServiceLocator                               : loaded 2 times (x 83B)
Class org.jetbrains.kotlin.util.capitalizeDecapitalize.CapitalizeDecapitalizeKt       : loaded 2 times (x 71B)
Class com.google.common.cache.LocalCache$EntryFactory$8                               : loaded 2 times (x 83B)
Class com.google.common.collect.ImmutableSet$SetBuilderImpl                           : loaded 2 times (x 76B)
Class io.opentelemetry.api.trace.SpanContextKey                                       : loaded 2 times (x 71B)
Class org.gradle.util.GradleVersion                                                   : loaded 2 times (x 81B)
Class org.gradle.internal.installation.CurrentGradleInstallation                      : loaded 2 times (x 73B)
Class com.google.common.cache.CacheLoader$1                                           : loaded 2 times (x 75B)
Class com.google.common.collect.ImmutableList$SubList                                 : loaded 2 times (x 209B)
Class org.jetbrains.plugins.gradle.javaModel.JavaGradleManifestModel                  : loaded 2 times (x 70B)
Class org.jetbrains.plugins.gradle.tooling.serialization.GradleExtensionsSerializationService$WriteContext: loaded 2 times (x 72B)
Class com.intellij.gradle.toolingExtension.impl.model.taskModel.GradleTaskSerialisationService$Companion: loaded 2 times (x 71B)
Class org.gradle.util.internal.GUtil                                                  : loaded 2 times (x 71B)
Class com.google.common.cache.AbstractCache$StatsCounter                              : loaded 2 times (x 70B)
Class io.opentelemetry.api.trace.TraceId                                              : loaded 2 times (x 71B)
Class com.intellij.gradle.toolingExtension.impl.model.utilTurnOffDefaultTasksModel.TurnOffDefaultTasks: loaded 2 times (x 70B)
Class com.intellij.gradle.toolingExtension.impl.model.sourceSetModel.GradleSourceSetSerialisationService$SourceSetModelReadContext: loaded 2 times (x 72B)
Class kotlin.collections.CollectionsKt                                                : loaded 2 times (x 71B)
Class com.google.common.collect.RegularImmutableSet                                   : loaded 2 times (x 149B)
Class io.opentelemetry.api.internal.ImmutableSpanContext                              : loaded 2 times (x 91B)
Class com.intellij.gradle.toolingExtension.impl.model.sourceSetModel.GradleSourceSetSerialisationService$SourceSetModelWriteContext: loaded 2 times (x 72B)
Class org.gradle.tooling.internal.adapter.ProtocolToModelAdapter$1                    : loaded 2 times (x 75B)
Class org.gradle.tooling.internal.adapter.ProtocolToModelAdapter$ViewDecoration       : loaded 2 times (x 70B)
Class org.gradle.internal.installation.GradleInstallation                             : loaded 2 times (x 75B)
Class com.google.common.collect.Iterables                                             : loaded 2 times (x 71B)
Class jdk.internal.jimage.decompressor.ResourceDecompressor$StringsProvider           : loaded 2 times (x 70B)
Class io.opentelemetry.api.trace.DefaultTracer                                        : loaded 2 times (x 74B)
Class org.jetbrains.plugins.gradle.tooling.serialization.GradleExtensionsSerializationService$ReadContext: loaded 2 times (x 72B)
Class org.gradle.tooling.internal.adapter.MethodInvoker                               : loaded 2 times (x 70B)
Class com.google.common.base.PairwiseEquivalence                                      : loaded 2 times (x 83B)
Class org.jetbrains.plugins.gradle.tooling.serialization.RepositoriesModelSerializationService$WriteContext: loaded 2 times (x 72B)
Class com.google.common.base.Equivalence$Identity                                     : loaded 2 times (x 82B)
Class com.google.common.collect.RegularImmutableMap$KeySet                            : loaded 2 times (x 152B)
Class org.jetbrains.plugins.gradle.tooling.serialization.internal.IdeaProjectSerializationService$ReadContext: loaded 2 times (x 72B)
Class kotlin.NotImplementedError                                                      : loaded 2 times (x 82B)
Class org.gradle.internal.classloader.FilteringClassLoader                            : loaded 2 times (x 105B)
Class com.google.common.base.CharMatcher$IsEither                                     : loaded 2 times (x 111B)
Class jdk.internal.jimage.BasicImageReader                                            : loaded 2 times (x 95B)
Class com.intellij.gradle.toolingExtension.impl.model.sourceSetModel.GradleSourceSetSerialisationService$Companion: loaded 2 times (x 71B)
Class kotlin.collections.CollectionsKt__ReversedViewsKt                               : loaded 2 times (x 71B)
Class org.gradle.internal.classloader.ClassLoaderHierarchy                            : loaded 2 times (x 70B)
Class com.google.common.collect.ImmutableEnumSet                                      : loaded 2 times (x 146B)
Class com.google.common.util.concurrent.ExecutionError                                : loaded 2 times (x 82B)
Class com.google.common.collect.ImmutableList$1                                       : loaded 2 times (x 97B)
Class [Lio.opentelemetry.api.trace.ImmutableTraceFlags;                               : loaded 2 times (x 69B)
Class org.jetbrains.plugins.gradle.tooling.util.IntObjectMap$ObjectFactory            : loaded 2 times (x 70B)
Class com.google.common.collect.RegularImmutableMap                                   : loaded 2 times (x 121B)
Class com.google.common.collect.ImmutableMap$MapViewOfValuesAsSingletonSets           : loaded 2 times (x 126B)
Class io.opentelemetry.context.ContextStorageProvider                                 : loaded 2 times (x 70B)
Class org.jetbrains.plugins.gradle.model.AnnotationProcessingModel                    : loaded 2 times (x 70B)
Class org.jetbrains.plugins.gradle.model.GradleExtensions                             : loaded 2 times (x 70B)
Class org.gradle.tooling.internal.adapter.TargetTypeProvider                          : loaded 2 times (x 70B)
Class [Lorg.objectweb.asm.Symbol;                                                     : loaded 2 times (x 69B)
Class org.objectweb.asm.ClassVisitor                                                  : loaded 2 times (x 88B)
Class jdk.internal.jimage.decompressor.StringSharingDecompressorFactory               : loaded 2 times (x 74B)

---------------  S Y S T E M  ---------------

OS:
uname: Darwin 25.6.0 Darwin Kernel Version 25.6.0: Fri Jul 31 19:11:03 PDT 2026; root:xnu-12377.161.14~5/RELEASE_ARM64_T8132 arm64
OS uptime: 5 days 14:03 hours
rlimit (soft/hard): STACK 8176k/65520k , CORE 0k/infinity , NPROC 2666/4000 , NOFILE 10240/infinity , AS infinity/infinity , CPU infinity/infinity , DATA infinity/infinity , FSIZE infinity/infinity , MEMLOCK infinity/infinity , RSS infinity/infinity
load average: 2.72 6.90 6.72

CPU: total 10 (initial active 10) 0x61:0x0:0x6f5129ac:0, fp, asimd, aes, pmull, sha1, sha256, crc32, lse, sha3, sha512
machdep.cpu.brand_string:Apple M4
hw.cachelinesize:128
hw.l1icachesize:131072
hw.l1dcachesize:65536
hw.l2cachesize:4194304

Memory: 16k page, physical 16777216k(2145600k free), swap 0k(0k free)

vm_info: OpenJDK 64-Bit Server VM (21.0.10+-117844308-b1163.108) for bsd-aarch64 JRE (21.0.10+-117844308-b1163.108), built on 2026-03-05T18:10:53Z by "builder" with clang Apple LLVM 13.0.0 (clang-1300.0.29.3)

END.
